image,disease,plant_type,dataset_type
Fungi/IMG_8320.JPG,Fungi,Potato,train
Pest/20230712_124133.jpg,Pest,Potato,train
Bacteria/IMG_1218.JPG,Bacteria,Potato,train
Pest/IMG_20230816_140103.jpg,Pest,Potato,train
Pest/IMG_0609.JPG,Pest,Potato,train
Pest/20230922_163752.jpg,Pest,Potato,train
Fungi/IMG_4759.JPG,Fungi,Potato,train
Phytopthora/20230802_124354.jpg,Phytopthora,Potato,train
Pest/IMG_20230816_142945.jpg,Pest,Potato,train
Virus/20230815_112555.jpg,Virus,Potato,train
Fungi/20230712_123306.jpg,Fungi,Potato,train
Fungi/IMG_9379.JPG,Fungi,Potato,train
Virus/IMG_1106.JPG,Virus,Potato,train
Phytopthora/20230802_124152.jpg,Phytopthora,Potato,train
Fungi/IMG_20230815_122511~2.jpg,Fungi,Potato,train
Virus/20230802_115956.jpg,Virus,Potato,train
Fungi/20230712_123606.jpg,Fungi,Potato,train
Pest/20230922_163659.jpg,Pest,Potato,train
Pest/20230712_124214.jpg,Pest,Potato,train
Virus/IMG_0488.JPG,Virus,Potato,train
Pest/20230712_155226.jpg,Pest,Potato,train
Fungi/20230802_110528056.jpg,Fungi,Potato,train
Pest/IMG_8288.JPG,Pest,Potato,train
Fungi/IMG_0662.JPG,Fungi,Potato,train
Fungi/20230816_091648.jpg,Fungi,Potato,train
Healthy/IMG_8184.JPG,Healthy,Potato,train
Virus/20230815_120750.jpg,Virus,Potato,train
Healthy/20230802_120332778.jpg,Healthy,Potato,train
Virus/IMG_0310.JPG,Virus,Potato,train
Healthy/IMG_4772.JPG,Healthy,Potato,train
Virus/20230815_150456.jpg,Virus,Potato,train
Fungi/IMG_20230816_122345~2 (2).jpg,Fungi,Potato,train
Healthy/20230802_120558111.jpg,Healthy,Potato,train
Fungi/IMG_0278.JPG,Fungi,Potato,train
Pest/1692332762088.jpg,Pest,Potato,train
Phytopthora/IMG_0249 - Copy.JPG,Phytopthora,Potato,train
Bacteria/20230816_135141.jpg,Bacteria,Potato,train
Bacteria/20230816_134548.jpg,Bacteria,Potato,train
Phytopthora/IMG_0375.JPG,Phytopthora,Potato,train
Pest/1692332350400.jpg,Pest,Potato,train
Bacteria/IMG_1036.JPG,Bacteria,Potato,train
Pest/IMG_20230816_140113.jpg,Pest,Potato,train
Phytopthora/IMG_9426 (1).JPG,Phytopthora,Potato,train
Pest/1692333632391.jpg,Pest,Potato,train
Fungi/1692336759176.jpg,Fungi,Potato,train
Fungi/20230712_160046.jpg,Fungi,Potato,train
Pest/IMG_20230816_141704.jpg,Pest,Potato,train
Bacteria/20230815_114748.jpg,Bacteria,Potato,train
Bacteria/20230816_141007.jpg,Bacteria,Potato,train
Phytopthora/IMG_0382.JPG,Phytopthora,Potato,train
Pest/IMG_0191.JPG,Pest,Potato,train
Bacteria/20230816_140947.jpg,Bacteria,Potato,train
Fungi/20230802_111623598.jpg,Fungi,Potato,train
Pest/IMG_20230816_142854.jpg,Pest,Potato,train
Phytopthora/IMG_4815.JPG,Phytopthora,Potato,train
Pest/IMG_20230816_135922~2.jpg,Pest,Potato,train
Phytopthora/IMG_9538 (1).JPG,Phytopthora,Potato,train
Bacteria/20230816_134720.jpg,Bacteria,Potato,train
Bacteria/20230816_135541.jpg,Bacteria,Potato,train
Phytopthora/IMG_0268 (1).JPG,Phytopthora,Potato,train
Fungi/20230802_105518694.jpg,Fungi,Potato,train
Fungi/IMG_20230815_113928~2.jpg,Fungi,Potato,train
Pest/IMG_20230815_123142.jpg,Pest,Potato,train
Phytopthora/20230802_124647.jpg,Phytopthora,Potato,train
Bacteria/20230816_142843.jpg,Bacteria,Potato,train
Fungi/IMG_0255.JPG,Fungi,Potato,train
Fungi/1692335403878.jpg,Fungi,Potato,train
Virus/20230816_123444.jpg,Virus,Potato,train
Fungi/20230802_111657.jpg,Fungi,Potato,train
Virus/20230816_115041.jpg,Virus,Potato,train
Fungi/IMG_0744.JPG,Fungi,Potato,train
Pest/IMG_20230816_120814.jpg,Pest,Potato,train
Fungi/20230712_115329.jpg,Fungi,Potato,train
Virus/20230712_133611.jpg,Virus,Potato,train
Bacteria/20230815_111931.jpg,Bacteria,Potato,train
Bacteria/20230816_141026.jpg,Bacteria,Potato,train
Fungi/IMG_9458.JPG,Fungi,Potato,train
Fungi/IMG_20230816_121926.jpg,Fungi,Potato,train
Pest/IMG_0355.JPG,Pest,Potato,train
Virus/20230815_112423.jpg,Virus,Potato,train
Virus/IMG_0339.JPG,Virus,Potato,train
Pest/IMG_4728.JPG,Pest,Potato,train
Bacteria/20230816_142540.jpg,Bacteria,Potato,train
Bacteria/20230815_111318.jpg,Bacteria,Potato,train
Healthy/20230816_085016.jpg,Healthy,Potato,train
Fungi/IMG_20230816_123146.jpg,Fungi,Potato,train
Phytopthora/IMG_0267 (1).JPG,Phytopthora,Potato,train
Virus/20230816_115110.jpg,Virus,Potato,train
Phytopthora/IMG_9535.JPG,Phytopthora,Potato,train
Pest/IMG_8089.JPG,Pest,Potato,train
Pest/20230802_120137740.jpg,Pest,Potato,train
Bacteria/20230816_142204.jpg,Bacteria,Potato,train
Pest/20230802_124914.jpg,Pest,Potato,train
Virus/20230816_112938.jpg,Virus,Potato,train
Fungi/IMG_0670.JPG,Fungi,Potato,train
Virus/IMG_0392.JPG,Virus,Potato,train
Fungi/IMG_4690.JPG,Fungi,Potato,train
Bacteria/IMG_0361.JPG,Bacteria,Potato,train
Fungi/1692338650765.jpg,Fungi,Potato,train
Pest/20230802_115901674.jpg,Pest,Potato,train
Fungi/IMG_4737.JPG,Fungi,Potato,train
Fungi/20230802_110855185.jpg,Fungi,Potato,train
Fungi/IMG_0256.JPG,Fungi,Potato,train
Pest/IMG_20230816_135850~2.jpg,Pest,Potato,train
Fungi/IMG_9378.JPG,Fungi,Potato,train
Phytopthora/20230712_160218.jpg,Phytopthora,Potato,train
Fungi/IMG_20230815_112512~2 (2).jpg,Fungi,Potato,train
Pest/IMG_4748.JPG,Pest,Potato,train
Bacteria/20230816_142749.jpg,Bacteria,Potato,train
Bacteria/IMG_1117.JPG,Bacteria,Potato,train
Virus/IMG_1001.JPG,Virus,Potato,train
Bacteria/IMG_0908.JPG,Bacteria,Potato,train
Virus/20230815_150431.jpg,Virus,Potato,train
Pest/IMG_8166.JPG,Pest,Potato,train
Pest/IMG_0805.JPG,Pest,Potato,train
Pest/IMG_20230816_142825.jpg,Pest,Potato,train
Phytopthora/20230712_154128.jpg,Phytopthora,Potato,train
Bacteria/IMG_0946.JPG,Bacteria,Potato,train
Bacteria/IMG_0942.JPG,Bacteria,Potato,train
Pest/20230802_125959.jpg,Pest,Potato,train
Bacteria/20230816_142605.jpg,Bacteria,Potato,train
Fungi/20230802_105914.jpg,Fungi,Potato,train
Virus/IMG_0473.JPG,Virus,Potato,train
Phytopthora/IMG_9526.JPG,Phytopthora,Potato,train
Pest/20230802_105420786.jpg,Pest,Potato,train
Virus/20230816_113034.jpg,Virus,Potato,train
Phytopthora/20230802_123443538.jpg,Phytopthora,Potato,train
Healthy/20230922_154220.jpg,Healthy,Potato,train
Healthy/20230802_105340269.jpg,Healthy,Potato,train
Healthy/IMG_0712.JPG,Healthy,Potato,train
Bacteria/IMG_20230816_142918.jpg,Bacteria,Potato,train
Bacteria/IMG_1130.JPG,Bacteria,Potato,train
Bacteria/20230815_113904.jpg,Bacteria,Potato,train
Fungi/20230802_113050.jpg,Fungi,Potato,train
Fungi/IMG_0149.JPG,Fungi,Potato,train
Bacteria/20230816_142536.jpg,Bacteria,Potato,train
Pest/20230712_114649.jpg,Pest,Potato,train
Fungi/IMG_9471.JPG,Fungi,Potato,train
Healthy/20230712_131432.jpg,Healthy,Potato,train
Pest/IMG_0279.JPG,Pest,Potato,train
Bacteria/20230815_121740.jpg,Bacteria,Potato,train
Bacteria/20230815_120753.jpg,Bacteria,Potato,train
Pest/IMG_0302.JPG,Pest,Potato,train
Bacteria/20230815_153611.jpg,Bacteria,Potato,train
Fungi/IMG_20230815_120708~2.jpg,Fungi,Potato,train
Pest/20230712_115900.jpg,Pest,Potato,train
Virus/20230922_155854.jpg,Virus,Potato,train
Bacteria/20230816_134722.jpg,Bacteria,Potato,train
Phytopthora/20230802_123312346.jpg,Phytopthora,Potato,train
Phytopthora/20230802_124932.jpg,Phytopthora,Potato,train
Pest/20230712_133308.jpg,Pest,Potato,train
Fungi/20230712_120515.jpg,Fungi,Potato,train
Fungi/IMG_8198.JPG,Fungi,Potato,train
Bacteria/IMG_0949.JPG,Bacteria,Potato,train
Fungi/IMG_0163.JPG,Fungi,Potato,train
Bacteria/20230816_142259.jpg,Bacteria,Potato,train
Phytopthora/20230802_125541.jpg,Phytopthora,Potato,train
Bacteria/IMG_1242.JPG,Bacteria,Potato,train
Fungi/IMG_20230816_115624.jpg,Fungi,Potato,train
Virus/IMG_20230816_081814.jpg,Virus,Potato,train
Bacteria/20230816_134139.jpg,Bacteria,Potato,train
Bacteria/20230816_140032.jpg,Bacteria,Potato,train
Virus/IMG_0483.JPG,Virus,Potato,train
Pest/20230802_115606492.jpg,Pest,Potato,train
Bacteria/1692336758926.jpg,Bacteria,Potato,train
Bacteria/20230816_135949.jpg,Bacteria,Potato,train
Fungi/IMG_4779.JPG,Fungi,Potato,train
Virus/IMG_1122.JPG,Virus,Potato,train
Pest/IMG_4746.JPG,Pest,Potato,train
Fungi/IMG_20230815_122258~2.jpg,Fungi,Potato,train
Bacteria/IMG_0330.JPG,Bacteria,Potato,train
Pest/20230802_124040.jpg,Pest,Potato,train
Virus/IMG_0438.JPG,Virus,Potato,train
Pest/20230802_110008548.jpg,Pest,Potato,train
Pest/IMG_0931.JPG,Pest,Potato,train
Bacteria/20230815_111708.jpg,Bacteria,Potato,train
Phytopthora/1692332350385.jpg,Phytopthora,Potato,train
Virus/20230816_145813.jpg,Virus,Potato,train
Pest/20230712_122034.jpg,Pest,Potato,train
Pest/1692332350573.jpg,Pest,Potato,train
Fungi/IMG_4691.JPG,Fungi,Potato,train
Fungi/IMG_20230816_082445 (1).jpg,Fungi,Potato,train
Fungi/1692334247294.jpg,Fungi,Potato,train
Virus/20230816_115019.jpg,Virus,Potato,train
Virus/20230815_151214.jpg,Virus,Potato,train
Bacteria/20230816_140949.jpg,Bacteria,Potato,train
Virus/IMG_0634.JPG,Virus,Potato,train
Phytopthora/IMG_4698.JPG,Phytopthora,Potato,train
Pest/IMG_0205.JPG,Pest,Potato,train
Fungi/20230802_105507586.jpg,Fungi,Potato,train
Virus/IMG_0301.JPG,Virus,Potato,train
Pest/IMG_20230816_140106.jpg,Pest,Potato,train
Pest/IMG_8077.JPG,Pest,Potato,train
Virus/20230815_145044.jpg,Virus,Potato,train
Pest/20230802_115742137.jpg,Pest,Potato,train
Fungi/20230712_155333.jpg,Fungi,Potato,train
Bacteria/20230816_134756.jpg,Bacteria,Potato,train
Phytopthora/20230802_124308.jpg,Phytopthora,Potato,train
Pest/IMG_8161.JPG,Pest,Potato,train
Virus/IMG_0474.JPG,Virus,Potato,train
Fungi/20230802_110957239.jpg,Fungi,Potato,train
Healthy/20230712_131224.jpg,Healthy,Potato,train
Virus/IMG_0424.JPG,Virus,Potato,train
Pest/20230712_114316.jpg,Pest,Potato,train
Bacteria/IMG_1178.JPG,Bacteria,Potato,train
Healthy/20230802_123641857.jpg,Healthy,Potato,train
Fungi/20230816_115131.jpg,Fungi,Potato,train
Fungi/20230802_113024.jpg,Fungi,Potato,train
Fungi/20230816_122456.jpg,Fungi,Potato,train
Fungi/IMG_0143.JPG,Fungi,Potato,train
Virus/1692338053986.jpg,Virus,Potato,train
Virus/20230816_121314.jpg,Virus,Potato,train
Fungi/IMG_8109.JPG,Fungi,Potato,train
Phytopthora/IMG_0313 - Copy.JPG,Phytopthora,Potato,train
Phytopthora/IMG_9519 (1).JPG,Phytopthora,Potato,train
Fungi/20230816_081918.jpg,Fungi,Potato,train
Bacteria/20230816_141854.jpg,Bacteria,Potato,train
Pest/20230802_115851687.jpg,Pest,Potato,train
Virus/IMG_0504.JPG,Virus,Potato,train
Fungi/1692333632410.jpg,Fungi,Potato,train
Fungi/20230816_123020.jpg,Fungi,Potato,train
Fungi/IMG_4669.JPG,Fungi,Potato,train
Bacteria/20230816_135234.jpg,Bacteria,Potato,train
Phytopthora/20230802_123916.jpg,Phytopthora,Potato,train
Healthy/20230712_131002.jpg,Healthy,Potato,train
Virus/20230815_151212.jpg,Virus,Potato,train
Pest/IMG_0333.JPG,Pest,Potato,train
Pest/IMG_0272.JPG,Pest,Potato,train
Phytopthora/20230802_123759.jpg,Phytopthora,Potato,train
Virus/20230815_114456.jpg,Virus,Potato,train
Phytopthora/20230802_115546.jpg,Phytopthora,Potato,train
Phytopthora/20230802_123856145.jpg,Phytopthora,Potato,train
Virus/IMG_0223.JPG,Virus,Potato,train
Fungi/20230802_105604486.jpg,Fungi,Potato,train
Fungi/IMG_0748.JPG,Fungi,Potato,train
Phytopthora/IMG_0376.JPG,Phytopthora,Potato,train
Bacteria/20230816_134827.jpg,Bacteria,Potato,train
Pest/20230802_124806.jpg,Pest,Potato,train
Pest/IMG_9491.JPG,Pest,Potato,train
Fungi/20230815_112230.jpg,Fungi,Potato,train
Phytopthora/20230802_124739.jpg,Phytopthora,Potato,train
Pest/20230922_163450.jpg,Pest,Potato,train
Nematode/IMG_20230815_113804~2.jpg,Nematode,Potato,train
Fungi/IMG_0140.JPG,Fungi,Potato,train
Phytopthora/20230816_122601.jpg,Phytopthora,Potato,train
Bacteria/IMG_1240.JPG,Bacteria,Potato,train
Pest/IMG_4742.JPG,Pest,Potato,train
Pest/20230712_154044.jpg,Pest,Potato,train
Fungi/IMG_4786.JPG,Fungi,Potato,train
Pest/20230802_120500572.jpg,Pest,Potato,train
Bacteria/IMG_0910.JPG,Bacteria,Potato,train
Fungi/20230816_123310.jpg,Fungi,Potato,train
Pest/20230922_163656.jpg,Pest,Potato,train
Bacteria/20230815_153600.jpg,Bacteria,Potato,train
Bacteria/20230815_120051.jpg,Bacteria,Potato,train
Phytopthora/IMG_0314 - Copy.JPG,Phytopthora,Potato,train
Fungi/IMG_4662.JPG,Fungi,Potato,train
Bacteria/IMG_1216.JPG,Bacteria,Potato,train
Virus/IMG_20230815_115355~2.jpg,Virus,Potato,train
Fungi/20230802_105530853.jpg,Fungi,Potato,train
Phytopthora/IMG_20230816_081619.jpg,Phytopthora,Potato,train
Bacteria/IMG_1196.JPG,Bacteria,Potato,train
Virus/IMG_0788.JPG,Virus,Potato,train
Bacteria/IMG_0328.JPG,Bacteria,Potato,train
Healthy/IMG_9557.JPG,Healthy,Potato,train
Healthy/IMG_4767.JPG,Healthy,Potato,train
Pest/20230816_140322.jpg,Pest,Potato,train
Bacteria/IMG_1002.JPG,Bacteria,Potato,train
Fungi/IMG_0316.JPG,Fungi,Potato,train
Phytopthora/IMG_9565 (1).JPG,Phytopthora,Potato,train
Virus/20230815_114137.jpg,Virus,Potato,train
Bacteria/20230815_113841.jpg,Bacteria,Potato,train
Pest/20230802_125929.jpg,Pest,Potato,train
Fungi/IMG_0743.JPG,Fungi,Potato,train
Bacteria/IMG_1069.JPG,Bacteria,Potato,train
Pest/20230802_125927.jpg,Pest,Potato,train
Bacteria/20230816_140031.jpg,Bacteria,Potato,train
Bacteria/20230815_114115.jpg,Bacteria,Potato,train
Virus/20230815_150846.jpg,Virus,Potato,train
Pest/20230802_125955.jpg,Pest,Potato,train
Fungi/IMG_4670.JPG,Fungi,Potato,train
Pest/IMG_0192.JPG,Pest,Potato,train
Phytopthora/IMG_4714.JPG,Phytopthora,Potato,train
Pest/IMG_8087.JPG,Pest,Potato,train
Bacteria/20230816_142101.jpg,Bacteria,Potato,train
Fungi/20230802_110934707.jpg,Fungi,Potato,train
Fungi/1692336759119.jpg,Fungi,Potato,train
Nematode/IMG_0193.JPG,Nematode,Potato,train
Virus/IMG_20230815_120802~2.jpg,Virus,Potato,train
Fungi/20230712_160234.jpg,Fungi,Potato,train
Bacteria/20230816_134130.jpg,Bacteria,Potato,train
Bacteria/20230815_111336.jpg,Bacteria,Potato,train
Virus/IMG_8260.JPG,Virus,Potato,train
Pest/IMG_0217 (1).JPG,Pest,Potato,train
Pest/IMG_0294.JPG,Pest,Potato,train
Fungi/20230712_154242.jpg,Fungi,Potato,train
Fungi/1692334247771.jpg,Fungi,Potato,train
Pest/20230922_163525.jpg,Pest,Potato,train
Virus/IMG_0987.JPG,Virus,Potato,train
Fungi/IMG_0401 (1).JPG,Fungi,Potato,train
Fungi/20230712_155729.jpg,Fungi,Potato,train
Pest/IMG_0208 (1).JPG,Pest,Potato,train
Bacteria/20230815_153602.jpg,Bacteria,Potato,train
Pest/IMG_1096.JPG,Pest,Potato,train
Virus/IMG_1119.JPG,Virus,Potato,train
Nematode/IMG_4738.JPG,Nematode,Potato,train
Bacteria/20230815_113856.jpg,Bacteria,Potato,train
Pest/20230922_163540.jpg,Pest,Potato,train
Phytopthora/IMG_0397.JPG,Phytopthora,Potato,train
Fungi/IMG_20230816_082529 (1).jpg,Fungi,Potato,train
Phytopthora/20230802_123720754.jpg,Phytopthora,Potato,train
Virus/20230815_150647.jpg,Virus,Potato,train
Bacteria/IMG_1204.JPG,Bacteria,Potato,train
Pest/20230712_155445.jpg,Pest,Potato,train
Fungi/20230712_160035.jpg,Fungi,Potato,train
Bacteria/IMG_0324.JPG,Bacteria,Potato,train
Phytopthora/IMG_0386.JPG,Phytopthora,Potato,train
Fungi/20230802_110417099.jpg,Fungi,Potato,train
Pest/IMG_20230816_134943.jpg,Pest,Potato,train
Pest/20230802_124823720.jpg,Pest,Potato,train
Virus/IMG_0645.JPG,Virus,Potato,train
Virus/IMG_0982.JPG,Virus,Potato,train
Fungi/20230802_110059.jpg,Fungi,Potato,train
Bacteria/IMG_0948.JPG,Bacteria,Potato,train
Fungi/20230802_112907.jpg,Fungi,Potato,train
Virus/20230815_151718.jpg,Virus,Potato,train
Virus/IMG_0460.JPG,Virus,Potato,train
Pest/IMG_8229.JPG,Pest,Potato,train
Virus/20230802_120657.jpg,Virus,Potato,train
Healthy/IMG_1253.JPG,Healthy,Potato,train
Pest/20230712_124554.jpg,Pest,Potato,train
Virus/IMG_20230816_075736.jpg,Virus,Potato,train
Fungi/IMG_0236.JPG,Fungi,Potato,train
Fungi/IMG_20230816_121111.jpg,Fungi,Potato,train
Phytopthora/IMG_0341.JPG,Phytopthora,Potato,train
Virus/IMG_1098.JPG,Virus,Potato,train
Virus/20230815_153232.jpg,Virus,Potato,train
Virus/IMG_8108.JPG,Virus,Potato,train
Phytopthora/IMG_0818.JPG,Phytopthora,Potato,train
Nematode/20230712_155746.jpg,Nematode,Potato,train
Virus/IMG_9548.JPG,Virus,Potato,train
Fungi/20230712_120457.jpg,Fungi,Potato,train
Fungi/IMG_20230816_122603~2.jpg,Fungi,Potato,train
Pest/20230802_125209.jpg,Pest,Potato,train
Healthy/20230815_120132.jpg,Healthy,Potato,train
Bacteria/IMG_1091.JPG,Bacteria,Potato,train
Virus/20230815_112519.jpg,Virus,Potato,train
Virus/20230802_125850.jpg,Virus,Potato,train
Pest/IMG_9532.JPG,Pest,Potato,train
Virus/20230816_120848.jpg,Virus,Potato,train
Pest/20230802_105208815.jpg,Pest,Potato,train
Phytopthora/20230802_124940973.jpg,Phytopthora,Potato,train
Bacteria/20230816_142746.jpg,Bacteria,Potato,train
Nematode/IMG_0156.JPG,Nematode,Potato,train
Bacteria/20230816_135559.jpg,Bacteria,Potato,train
Bacteria/IMG_20230816_140302.jpg,Bacteria,Potato,train
Bacteria/20230816_143234.jpg,Bacteria,Potato,train
Phytopthora/20230802_130247.jpg,Phytopthora,Potato,train
Fungi/IMG_20230816_091248 (1).jpg,Fungi,Potato,train
Bacteria/1692332350433.jpg,Bacteria,Potato,train
Virus/20230816_113724.jpg,Virus,Potato,train
Virus/IMG_0408.JPG,Virus,Potato,train
Healthy/20230816_123429.jpg,Healthy,Potato,train
Virus/20230816_113204.jpg,Virus,Potato,train
Virus/20230816_123449.jpg,Virus,Potato,train
Nematode/20230816_121307.jpg,Nematode,Potato,train
Healthy/20230802_120908.jpg,Healthy,Potato,train
Fungi/IMG_20230816_080308.jpg,Fungi,Potato,train
Fungi/20230802_105548597.jpg,Fungi,Potato,train
Pest/20230712_115700.jpg,Pest,Potato,train
Virus/20230712_133229.jpg,Virus,Potato,train
Pest/IMG_1108.JPG,Pest,Potato,train
Phytopthora/IMG_9536 (1).JPG,Phytopthora,Potato,train
Fungi/IMG_20230816_114753~2.jpg,Fungi,Potato,train
Virus/20230815_150516.jpg,Virus,Potato,train
Fungi/IMG_0257 (1).JPG,Fungi,Potato,train
Pest/IMG_4764.JPG,Pest,Potato,train
Pest/20230802_125050.jpg,Pest,Potato,train
Virus/IMG_9527.JPG,Virus,Potato,train
Pest/IMG_8316.JPG,Pest,Potato,train
Phytopthora/IMG_9540 (1).JPG,Phytopthora,Potato,train
Phytopthora/20230712_160142.jpg,Phytopthora,Potato,train
Fungi/IMG_0141.JPG,Fungi,Potato,train
Pest/IMG_0223.JPG,Pest,Potato,train
Healthy/20230712_130720.jpg,Healthy,Potato,train
Pest/20230802_120455999.jpg,Pest,Potato,train
Fungi/20230802_111450833.jpg,Fungi,Potato,train
Bacteria/20230816_142545.jpg,Bacteria,Potato,train
Pest/20230802_115744.jpg,Pest,Potato,train
Virus/20230815_120100.jpg,Virus,Potato,train
Bacteria/20230816_140602.jpg,Bacteria,Potato,train
Phytopthora/20230802_123356.jpg,Phytopthora,Potato,train
Pest/IMG_20230816_142004.jpg,Pest,Potato,train
Virus/20230815_120713.jpg,Virus,Potato,train
Bacteria/20230816_141039.jpg,Bacteria,Potato,train
Pest/IMG_0297.JPG,Pest,Potato,train
Fungi/20230712_155137.jpg,Fungi,Potato,train
Bacteria/20230816_134552.jpg,Bacteria,Potato,train
Fungi/IMG_20230815_153643~2.jpg,Fungi,Potato,train
Bacteria/IMG_0321.JPG,Bacteria,Potato,train
Healthy/20230712_131450.jpg,Healthy,Potato,train
Fungi/20230815_123000.jpg,Fungi,Potato,train
Healthy/20230802_115747831.jpg,Healthy,Potato,train
Phytopthora/20230802_124316.jpg,Phytopthora,Potato,train
Pest/20230815_113911.jpg,Pest,Potato,train
Healthy/20230922_154252.jpg,Healthy,Potato,train
Virus/IMG_0475.JPG,Virus,Potato,train
Bacteria/20230816_140041.jpg,Bacteria,Potato,train
Bacteria/20230816_141904.jpg,Bacteria,Potato,train
Fungi/20230712_160906.jpg,Fungi,Potato,train
Healthy/1692336758935.jpg,Healthy,Potato,train
Bacteria/20230815_114200.jpg,Bacteria,Potato,train
Fungi/IMG_0254.JPG,Fungi,Potato,train
Bacteria/IMG_20230816_135014.jpg,Bacteria,Potato,train
Nematode/20230815_153903.jpg,Nematode,Potato,train
Bacteria/IMG_1170.JPG,Bacteria,Potato,train
Virus/20230815_115132.jpg,Virus,Potato,train
Pest/IMG_20230816_140721.jpg,Pest,Potato,train
Phytopthora/IMG_0385.JPG,Phytopthora,Potato,train
Virus/20230816_113005.jpg,Virus,Potato,train
Pest/20230802_105826966.jpg,Pest,Potato,train
Pest/20230802_104926298.jpg,Pest,Potato,train
Virus/IMG_0988.JPG,Virus,Potato,train
Fungi/20230802_111458829.jpg,Fungi,Potato,train
Pest/IMG_20230816_134507.jpg,Pest,Potato,train
Fungi/IMG_20230816_090727 (1).jpg,Fungi,Potato,train
Healthy/20230815_111720.jpg,Healthy,Potato,train
Phytopthora/IMG_9538.JPG,Phytopthora,Potato,train
Healthy/20230816_123045.jpg,Healthy,Potato,train
Fungi/1692334247642.jpg,Fungi,Potato,train
Virus/1692338650296.jpg,Virus,Potato,train
Pest/IMG_0225 (1).JPG,Pest,Potato,train
Virus/IMG_0738.JPG,Virus,Potato,train
Bacteria/20230816_141404.jpg,Bacteria,Potato,train
Pest/20230712_132924.jpg,Pest,Potato,train
Fungi/20230816_123051.jpg,Fungi,Potato,train
Virus/IMG_1103.JPG,Virus,Potato,train
Healthy/20230815_123008.jpg,Healthy,Potato,train
Fungi/20230802_123439.jpg,Fungi,Potato,train
Pest/20230922_163543.jpg,Pest,Potato,train
Healthy/20230802_124220.jpg,Healthy,Potato,train
Phytopthora/20230802_124350.jpg,Phytopthora,Potato,train
Pest/20230802_115910618.jpg,Pest,Potato,train
Virus/IMG_8259.JPG,Virus,Potato,train
Fungi/IMG_20230816_113915.jpg,Fungi,Potato,train
Pest/IMG_20230816_140703.jpg,Pest,Potato,train
Phytopthora/20230802_125551.jpg,Phytopthora,Potato,train
Pest/IMG_20230816_134324~2.jpg,Pest,Potato,train
Pest/IMG_20230816_081552.jpg,Pest,Potato,train
Fungi/20230802_112029612.jpg,Fungi,Potato,train
Fungi/IMG_4798.JPG,Fungi,Potato,train
Pest/20230802_115750.jpg,Pest,Potato,train
Fungi/IMG_4730.JPG,Fungi,Potato,train
Pest/20230712_114800.jpg,Pest,Potato,train
Fungi/20230816_122020.jpg,Fungi,Potato,train
Fungi/IMG_8148.JPG,Fungi,Potato,train
Phytopthora/IMG_9535 (1).JPG,Phytopthora,Potato,train
Fungi/20230802_105621.jpg,Fungi,Potato,train
Virus/20230816_082040.jpg,Virus,Potato,train
Bacteria/IMG_1080.JPG,Bacteria,Potato,train
Pest/20230712_154844.jpg,Pest,Potato,train
Fungi/IMG_20230816_114422.jpg,Fungi,Potato,train
Bacteria/20230815_114042.jpg,Bacteria,Potato,train
Fungi/IMG_9420.JPG,Fungi,Potato,train
Bacteria/IMG_0918.JPG,Bacteria,Potato,train
Bacteria/IMG_1198.JPG,Bacteria,Potato,train
Fungi/IMG_4797.JPG,Fungi,Potato,train
Bacteria/IMG_0349.JPG,Bacteria,Potato,train
Phytopthora/20230802_123919.jpg,Phytopthora,Potato,train
Fungi/20230712_115213.jpg,Fungi,Potato,train
Fungi/20230802_110532.jpg,Fungi,Potato,train
Fungi/IMG_0210.JPG,Fungi,Potato,train
Bacteria/20230816_091315.jpg,Bacteria,Potato,train
Phytopthora/IMG_0371.JPG,Phytopthora,Potato,train
Pest/20230712_132814.jpg,Pest,Potato,train
Fungi/IMG_0207.JPG,Fungi,Potato,train
Fungi/IMG_20230815_113656~2.jpg,Fungi,Potato,train
Bacteria/IMG_1140.JPG,Bacteria,Potato,train
Bacteria/IMG_0912.JPG,Bacteria,Potato,train
Fungi/IMG_9407.JPG,Fungi,Potato,train
Pest/IMG_0170.JPG,Pest,Potato,train
Fungi/IMG_4788.JPG,Fungi,Potato,train
Phytopthora/20230802_123809.jpg,Phytopthora,Potato,train
Bacteria/IMG_1008.JPG,Bacteria,Potato,train
Fungi/IMG_20230816_122806~2.jpg,Fungi,Potato,train
Fungi/1692332350583.jpg,Fungi,Potato,train
Phytopthora/20230802_123520567.jpg,Phytopthora,Potato,train
Phytopthora/IMG_20230816_082126.jpg,Phytopthora,Potato,train
Fungi/20230802_111557156.jpg,Fungi,Potato,train
Healthy/20230816_121553.jpg,Healthy,Potato,train
Virus/IMG_0602.JPG,Virus,Potato,train
Virus/20230815_112557.jpg,Virus,Potato,train
Pest/20230802_105206317.jpg,Pest,Potato,train
Healthy/20230712_122712.jpg,Healthy,Potato,train
Bacteria/IMG_1084.JPG,Bacteria,Potato,train
Fungi/IMG_0258.JPG,Fungi,Potato,train
Fungi/20230802_113043.jpg,Fungi,Potato,train
Fungi/IMG_20230815_122239~2.jpg,Fungi,Potato,train
Bacteria/IMG_1141.JPG,Bacteria,Potato,train
Bacteria/20230816_143409.jpg,Bacteria,Potato,train
Pest/IMG_8076.JPG,Pest,Potato,train
Pest/20230922_163620.jpg,Pest,Potato,train
Fungi/1692334247554.jpg,Fungi,Potato,train
Phytopthora/IMG_0405.JPG,Phytopthora,Potato,train
Bacteria/20230815_111657.jpg,Bacteria,Potato,train
Bacteria/20230816_142806.jpg,Bacteria,Potato,train
Phytopthora/IMG_0346.JPG,Phytopthora,Potato,train
Virus/20230816_123119.jpg,Virus,Potato,train
Phytopthora/IMG_9506 (1).JPG,Phytopthora,Potato,train
Virus/IMG_1144.JPG,Virus,Potato,train
Virus/IMG_0275.JPG,Virus,Potato,train
Bacteria/20230816_134613.jpg,Bacteria,Potato,train
Bacteria/IMG_0323.JPG,Bacteria,Potato,train
Healthy/20230815_123246.jpg,Healthy,Potato,train
Fungi/1692333632420.jpg,Fungi,Potato,train
Healthy/20230815_121157.jpg,Healthy,Potato,train
Pest/20230922_163556.jpg,Pest,Potato,train
Bacteria/IMG_1077.JPG,Bacteria,Potato,train
Healthy/20230802_124914.jpg,Healthy,Potato,train
Bacteria/20230816_134733.jpg,Bacteria,Potato,train
Fungi/20230816_122418.jpg,Fungi,Potato,train
Phytopthora/IMG_9539 (1).JPG,Phytopthora,Potato,train
Bacteria/20230816_141603.jpg,Bacteria,Potato,train
Bacteria/20230816_134451.jpg,Bacteria,Potato,train
Fungi/IMG_0254 (1).JPG,Fungi,Potato,train
Fungi/IMG_9385.JPG,Fungi,Potato,train
Bacteria/IMG_1179.JPG,Bacteria,Potato,train
Fungi/IMG_9390.JPG,Fungi,Potato,train
Fungi/IMG_8283.JPG,Fungi,Potato,train
Pest/20230802_115400636.jpg,Pest,Potato,train
Fungi/1692335403677.jpg,Fungi,Potato,train
Virus/20230712_155104.jpg,Virus,Potato,train
Virus/IMG_0481.JPG,Virus,Potato,train
Healthy/20230712_130753.jpg,Healthy,Potato,train
Bacteria/20230816_142641.jpg,Bacteria,Potato,train
Bacteria/20230816_135039.jpg,Bacteria,Potato,train
Bacteria/20230816_141016.jpg,Bacteria,Potato,train
Healthy/20230802_113059419.jpg,Healthy,Potato,train
Fungi/IMG_0164.JPG,Fungi,Potato,train
Pest/20230712_133044.jpg,Pest,Potato,train
Virus/20230815_112745.jpg,Virus,Potato,train
Phytopthora/IMG_9511 (1).JPG,Phytopthora,Potato,train
Bacteria/IMG_1011.JPG,Bacteria,Potato,train
Virus/20230816_114506.jpg,Virus,Potato,train
Fungi/1692335403790.jpg,Fungi,Potato,train
Virus/20230815_120537.jpg,Virus,Potato,train
Pest/IMG_20230816_135235.jpg,Pest,Potato,train
Nematode/IMG_20230816_121830.jpg,Nematode,Potato,train
Fungi/IMG_0707.JPG,Fungi,Potato,train
Pest/IMG_20230816_134953.jpg,Pest,Potato,train
Fungi/IMG_0127.JPG,Fungi,Potato,train
Fungi/IMG_20230816_121446.jpg,Fungi,Potato,train
Fungi/20230802_110219.jpg,Fungi,Potato,train
Pest/IMG_0328.JPG,Pest,Potato,train
Fungi/20230802_111253263.jpg,Fungi,Potato,train
Fungi/20230802_110125.jpg,Fungi,Potato,train
Virus/IMG_0786.JPG,Virus,Potato,train
Fungi/1692334247515.jpg,Fungi,Potato,train
Bacteria/20230816_142810.jpg,Bacteria,Potato,train
Virus/IMG_0457.JPG,Virus,Potato,train
Phytopthora/IMG_0343.JPG,Phytopthora,Potato,train
Fungi/IMG_9428.JPG,Fungi,Potato,train
Bacteria/20230816_140750.jpg,Bacteria,Potato,train
Bacteria/IMG_1245.JPG,Bacteria,Potato,train
Fungi/20230815_122701.jpg,Fungi,Potato,train
Bacteria/IMG_0364.JPG,Bacteria,Potato,train
Phytopthora/IMG_0368.JPG,Phytopthora,Potato,train
Fungi/IMG_8281.JPG,Fungi,Potato,train
Virus/IMG_0263.JPG,Virus,Potato,train
Fungi/IMG_9405.JPG,Fungi,Potato,train
Bacteria/20230816_135252.jpg,Bacteria,Potato,train
Phytopthora/IMG_20230815_123121.jpg,Phytopthora,Potato,train
Bacteria/IMG_0356.JPG,Bacteria,Potato,train
Phytopthora/20230802_125410.jpg,Phytopthora,Potato,train
Bacteria/20230815_111919.jpg,Bacteria,Potato,train
Virus/20230815_114243.jpg,Virus,Potato,train
Bacteria/IMG_20230816_140002.jpg,Bacteria,Potato,train
Phytopthora/20230802_124526691.jpg,Phytopthora,Potato,train
Fungi/20230815_112251.jpg,Fungi,Potato,train
Virus/20230802_120716.jpg,Virus,Potato,train
Virus/IMG_0994.JPG,Virus,Potato,train
Bacteria/20230815_114106.jpg,Bacteria,Potato,train
Virus/IMG_0620.JPG,Virus,Potato,train
Fungi/IMG_20230816_084638 (1)(1).jpg,Fungi,Potato,train
Bacteria/1692333303178.jpg,Bacteria,Potato,train
Fungi/IMG_0288.JPG,Fungi,Potato,train
Nematode/IMG_0816.JPG,Nematode,Potato,train
Bacteria/20230816_134501.jpg,Bacteria,Potato,train
Fungi/IMG_4783.JPG,Fungi,Potato,train
Virus/20230815_150441.jpg,Virus,Potato,train
Fungi/20230802_110422.jpg,Fungi,Potato,train
Pest/20230802_123514.jpg,Pest,Potato,train
Virus/20230815_151758.jpg,Virus,Potato,train
Phytopthora/20230802_123634.jpg,Phytopthora,Potato,train
Pest/20230712_121944.jpg,Pest,Potato,train
Pest/20230712_145457.jpg,Pest,Potato,train
Fungi/1692334247608.jpg,Fungi,Potato,train
Bacteria/IMG_1206.JPG,Bacteria,Potato,train
Virus/IMG_1254.JPG,Virus,Potato,train
Fungi/1692334247342.jpg,Fungi,Potato,train
Fungi/IMG_20230816_123551.jpg,Fungi,Potato,train
Virus/IMG_8222.JPG,Virus,Potato,train
Pest/IMG_20230816_142750~2.jpg,Pest,Potato,train
Phytopthora/IMG_0131.JPG,Phytopthora,Potato,train
Pest/IMG_20230816_134632.jpg,Pest,Potato,train
Pest/20230712_145943.jpg,Pest,Potato,train
Fungi/IMG_0255 (1).JPG,Fungi,Potato,train
Bacteria/IMG_1173.JPG,Bacteria,Potato,train
Pest/1692332350450.jpg,Pest,Potato,train
Healthy/20230712_123858.jpg,Healthy,Potato,train
Fungi/1692334247584.jpg,Fungi,Potato,train
Phytopthora/20230802_123417.jpg,Phytopthora,Potato,train
Pest/20230816_143340.jpg,Pest,Potato,train
Virus/20230815_150520.jpg,Virus,Potato,train
Phytopthora/20230802_123939665.jpg,Phytopthora,Potato,train
Bacteria/IMG_1197.JPG,Bacteria,Potato,train
Phytopthora/20230802_125412.jpg,Phytopthora,Potato,train
Phytopthora/20230712_154222.jpg,Phytopthora,Potato,train
Pest/IMG_0182.JPG,Pest,Potato,train
Fungi/20230712_122430.jpg,Fungi,Potato,train
Nematode/20230712_154537.jpg,Nematode,Potato,train
Pest/IMG_20230816_140116.jpg,Pest,Potato,train
Pest/20230802_105056702.jpg,Pest,Potato,train
Bacteria/IMG_1134.JPG,Bacteria,Potato,train
Phytopthora/IMG_0363.JPG,Phytopthora,Potato,train
Fungi/IMG_9415.JPG,Fungi,Potato,train
Bacteria/20230816_143305.jpg,Bacteria,Potato,train
Pest/IMG_0940.JPG,Pest,Potato,train
Pest/20230712_114924.jpg,Pest,Potato,train
Fungi/IMG_9424.JPG,Fungi,Potato,train
Nematode/IMG_20230816_121904~2.jpg,Nematode,Potato,train
Healthy/20230802_113050671.jpg,Healthy,Potato,train
Bacteria/20230816_142401.jpg,Bacteria,Potato,train
Bacteria/20230816_134532.jpg,Bacteria,Potato,train
Virus/IMG_0439.JPG,Virus,Potato,train
Pest/20230802_125355.jpg,Pest,Potato,train
Pest/20230712_132933.jpg,Pest,Potato,train
Fungi/1692335403472.jpg,Fungi,Potato,train
Healthy/20230802_115936805.jpg,Healthy,Potato,train
Bacteria/IMG_0336.JPG,Bacteria,Potato,train
Phytopthora/20230802_123456.jpg,Phytopthora,Potato,train
Pest/IMG_20230816_142642~2.jpg,Pest,Potato,train
Fungi/IMG_9442.JPG,Fungi,Potato,train
Healthy/20230712_122751.jpg,Healthy,Potato,train
Nematode/IMG_8324.JPG,Nematode,Potato,train
Virus/IMG_0989.JPG,Virus,Potato,train
Fungi/IMG_0129.JPG,Fungi,Potato,train
Fungi/IMG_9421.JPG,Fungi,Potato,train
Healthy/20230922_155409.jpg,Healthy,Potato,train
Virus/20230922_155902.jpg,Virus,Potato,train
Phytopthora/IMG_4815 (1).JPG,Phytopthora,Potato,train
Bacteria/20230816_142730.jpg,Bacteria,Potato,train
Bacteria/20230816_140559.jpg,Bacteria,Potato,train
Virus/20230816_113928.jpg,Virus,Potato,train
Pest/IMG_20230816_134505.jpg,Pest,Potato,train
Fungi/20230816_123103.jpg,Fungi,Potato,train
Pest/20230802_125302.jpg,Pest,Potato,train
Bacteria/20230816_135222.jpg,Bacteria,Potato,train
Phytopthora/IMG_0357.JPG,Phytopthora,Potato,train
Pest/IMG_0350.JPG,Pest,Potato,train
Virus/IMG_20230815_153050~2.jpg,Virus,Potato,train
Healthy/20230816_121140.jpg,Healthy,Potato,train
Fungi/IMG_0266 (1).JPG,Fungi,Potato,train
Phytopthora/IMG_9514 (1).JPG,Phytopthora,Potato,train
Virus/IMG_1058.JPG,Virus,Potato,train
Fungi/IMG_4752.JPG,Fungi,Potato,train
Pest/20230712_114727.jpg,Pest,Potato,train
Fungi/IMG_20230816_081411 (1).jpg,Fungi,Potato,train
Pest/20230802_125114.jpg,Pest,Potato,train
Bacteria/IMG_1219.JPG,Bacteria,Potato,train
Pest/20230712_144035.jpg,Pest,Potato,train
Phytopthora/20230802_124302.jpg,Phytopthora,Potato,train
Healthy/20230815_120822.jpg,Healthy,Potato,train
Virus/IMG_0685.JPG,Virus,Potato,train
Nematode/20230712_155753.jpg,Nematode,Potato,train
Pest/IMG_8116.JPG,Pest,Potato,train
Phytopthora/20230802_125057734.jpg,Phytopthora,Potato,train
Fungi/IMG_9444.JPG,Fungi,Potato,train
Virus/IMG_0314 (1).JPG,Virus,Potato,train
Fungi/20230712_154629.jpg,Fungi,Potato,train
Healthy/20230712_120140.jpg,Healthy,Potato,train
Virus/20230815_113706.jpg,Virus,Potato,train
Virus/20230815_151747.jpg,Virus,Potato,train
Phytopthora/IMG_9509 (1).JPG,Phytopthora,Potato,train
Fungi/IMG_4668.JPG,Fungi,Potato,train
Healthy/20230712_121732.jpg,Healthy,Potato,train
Fungi/20230802_113053.jpg,Fungi,Potato,train
Virus/20230815_151217.jpg,Virus,Potato,train
Pest/IMG_8296.JPG,Pest,Potato,train
Bacteria/IMG_1131.JPG,Bacteria,Potato,train
Pest/IMG_0937.JPG,Pest,Potato,train
Bacteria/IMG_1164.JPG,Bacteria,Potato,train
Nematode/IMG_20230815_122722 - Copy.jpg,Nematode,Potato,train
Bacteria/20230815_120109.jpg,Bacteria,Potato,train
Phytopthora/20230802_125847.jpg,Phytopthora,Potato,train
Fungi/IMG_9432.JPG,Fungi,Potato,train
Phytopthora/20230712_160214.jpg,Phytopthora,Potato,train
Fungi/IMG_20230816_114803.jpg,Fungi,Potato,train
Phytopthora/20230802_123819.jpg,Phytopthora,Potato,train
Virus/IMG_0813.JPG,Virus,Potato,train
Healthy/20230816_121147.jpg,Healthy,Potato,train
Healthy/20230802_115906199.jpg,Healthy,Potato,train
Fungi/IMG_0705.JPG,Fungi,Potato,train
Fungi/20230802_111840203.jpg,Fungi,Potato,train
Bacteria/IMG_20230816_135956.jpg,Bacteria,Potato,train
Pest/IMG_0827.JPG,Pest,Potato,train
Virus/20230816_122902.jpg,Virus,Potato,train
Virus/20230802_115644.jpg,Virus,Potato,train
Virus/IMG_0443.JPG,Virus,Potato,train
Fungi/IMG_20230815_153359.jpg,Fungi,Potato,train
Pest/20230802_104846805.jpg,Pest,Potato,train
Bacteria/20230815_113948.jpg,Bacteria,Potato,train
Pest/20230802_120215373.jpg,Pest,Potato,train
Phytopthora/IMG_8140.JPG,Phytopthora,Potato,train
Virus/IMG_1121.JPG,Virus,Potato,train
Healthy/IMG_9419.JPG,Healthy,Potato,train
Bacteria/IMG_0911.JPG,Bacteria,Potato,train
Pest/20230802_115842608.jpg,Pest,Potato,train
Virus/20230815_151846.jpg,Virus,Potato,train
Virus/20230816_115027.jpg,Virus,Potato,train
Fungi/20230802_111845284.jpg,Fungi,Potato,train
Fungi/IMG_20230815_121604.jpg,Fungi,Potato,train
Bacteria/20230816_122651.jpg,Bacteria,Potato,train
Bacteria/20230815_122418.jpg,Bacteria,Potato,train
Pest/IMG_20230816_135045.jpg,Pest,Potato,train
Healthy/20230712_123836.jpg,Healthy,Potato,train
Virus/IMG_20230816_113505~2.jpg,Virus,Potato,train
Bacteria/IMG_1166.JPG,Bacteria,Potato,train
Pest/IMG_0219.JPG,Pest,Potato,train
Bacteria/20230815_111300.jpg,Bacteria,Potato,train
Fungi/20230816_122426.jpg,Fungi,Potato,train
Bacteria/20230815_114050.jpg,Bacteria,Potato,train
Fungi/IMG_0158.JPG,Fungi,Potato,train
Phytopthora/IMG_0393.JPG,Phytopthora,Potato,train
Pest/20230712_121930.jpg,Pest,Potato,train
Pest/20230712_144218.jpg,Pest,Potato,train
Phytopthora/IMG_8105.JPG,Phytopthora,Potato,train
Virus/IMG_0456.JPG,Virus,Potato,train
Bacteria/IMG_20230816_142811.jpg,Bacteria,Potato,train
Virus/20230815_122405.jpg,Virus,Potato,train
Pest/IMG_4805.JPG,Pest,Potato,train
Bacteria/IMG_20230816_141556.jpg,Bacteria,Potato,train
Fungi/IMG_0250.JPG,Fungi,Potato,train
Pest/1692336758380.jpg,Pest,Potato,train
Virus/IMG_1146.JPG,Virus,Potato,train
Fungi/20230802_111032.jpg,Fungi,Potato,train
Fungi/20230802_111847.jpg,Fungi,Potato,train
Bacteria/IMG_20230816_140246.jpg,Bacteria,Potato,train
Fungi/IMG_9381.JPG,Fungi,Potato,train
Phytopthora/IMG_8145.JPG,Phytopthora,Potato,train
Pest/IMG_0229.JPG,Pest,Potato,train
Virus/1692338650371.jpg,Virus,Potato,train
Virus/20230815_114213.jpg,Virus,Potato,train
Bacteria/20230815_113829.jpg,Bacteria,Potato,train
Fungi/IMG_0871.JPG,Fungi,Potato,train
Virus/IMG_20230815_115317~2.jpg,Virus,Potato,train
Virus/20230815_114339.jpg,Virus,Potato,train
Pest/20230816_082635.jpg,Pest,Potato,train
Fungi/20230816_114201.jpg,Fungi,Potato,train
Fungi/1692334247713.jpg,Fungi,Potato,train
Bacteria/20230815_113913.jpg,Bacteria,Potato,train
Healthy/IMG_0791.JPG,Healthy,Potato,train
Fungi/IMG_20230816_113726.jpg,Fungi,Potato,train
Healthy/20230802_121149531.jpg,Healthy,Potato,train
Bacteria/20230816_142250.jpg,Bacteria,Potato,train
Pest/IMG_20230816_143028~2.jpg,Pest,Potato,train
Virus/IMG_8232.JPG,Virus,Potato,train
Healthy/IMG_4780.JPG,Healthy,Potato,train
Healthy/20230922_155832.jpg,Healthy,Potato,train
Bacteria/20230816_134503.jpg,Bacteria,Potato,train
Pest/20230712_160121.jpg,Pest,Potato,train
Fungi/1692338054080.jpg,Fungi,Potato,train
Bacteria/IMG_0365.JPG,Bacteria,Potato,train
Bacteria/20230815_122416.jpg,Bacteria,Potato,train
Pest/20230802_130236.jpg,Pest,Potato,train
Fungi/20230802_105804.jpg,Fungi,Potato,train
Healthy/20230922_154244.jpg,Healthy,Potato,train
Bacteria/20230816_142329.jpg,Bacteria,Potato,train
Pest/IMG_20230816_142927.jpg,Pest,Potato,train
Bacteria/IMG_1176.JPG,Bacteria,Potato,train
Bacteria/20230816_142434.jpg,Bacteria,Potato,train
Pest/20230712_124318.jpg,Pest,Potato,train
Virus/IMG_0450.JPG,Virus,Potato,train
Virus/20230815_151340.jpg,Virus,Potato,train
Bacteria/20230816_142632.jpg,Bacteria,Potato,train
Bacteria/IMG_1152.JPG,Bacteria,Potato,train
Fungi/IMG_0256 (1).JPG,Fungi,Potato,train
Bacteria/20230816_140728.jpg,Bacteria,Potato,train
Bacteria/1692333631862.jpg,Bacteria,Potato,train
Bacteria/20230816_135859.jpg,Bacteria,Potato,train
Phytopthora/20230816_122505.jpg,Phytopthora,Potato,train
Bacteria/20230816_142310.jpg,Bacteria,Potato,train
Bacteria/IMG_1182.JPG,Bacteria,Potato,train
Pest/1692336758816.jpg,Pest,Potato,train
Phytopthora/20230802_124700039.jpg,Phytopthora,Potato,train
Fungi/IMG_0289.JPG,Fungi,Potato,train
Healthy/20230712_124016.jpg,Healthy,Potato,train
Bacteria/IMG_20230816_140950.jpg,Bacteria,Potato,train
Fungi/IMG_20230816_121010.jpg,Fungi,Potato,train
Bacteria/IMG_1212.JPG,Bacteria,Potato,train
Bacteria/20230816_140631.jpg,Bacteria,Potato,train
Virus/20230815_151720.jpg,Virus,Potato,train
Fungi/IMG_20230815_123024~2.jpg,Fungi,Potato,train
Bacteria/20230815_111704.jpg,Bacteria,Potato,train
Fungi/IMG_9399.JPG,Fungi,Potato,train
Phytopthora/20230802_123806.jpg,Phytopthora,Potato,train
Virus/IMG_0820.JPG,Virus,Potato,train
Fungi/IMG_9410.JPG,Fungi,Potato,train
Phytopthora/20230802_123615.jpg,Phytopthora,Potato,train
Bacteria/20230816_135443.jpg,Bacteria,Potato,train
Virus/20230815_112515.jpg,Virus,Potato,train
Virus/IMG_0271.JPG,Virus,Potato,train
Virus/IMG_0830.JPG,Virus,Potato,train
Fungi/IMG_0291.JPG,Fungi,Potato,train
Pest/20230815_153541.jpg,Pest,Potato,train
Fungi/20230816_120937.jpg,Fungi,Potato,train
Pest/20230802_120451215.jpg,Pest,Potato,train
Fungi/IMG_4663.JPG,Fungi,Potato,train
Fungi/IMG_0815.JPG,Fungi,Potato,train
Fungi/IMG_9382.JPG,Fungi,Potato,train
Pest/20230802_115340.jpg,Pest,Potato,train
Healthy/20230712_131637.jpg,Healthy,Potato,train
Pest/IMG_4760.JPG,Pest,Potato,train
Nematode/IMG_20230815_145142.jpg,Nematode,Potato,train
Phytopthora/IMG_0340.JPG,Phytopthora,Potato,train
Virus/IMG_0282.JPG,Virus,Potato,train
Fungi/IMG_8078.JPG,Fungi,Potato,train
Fungi/IMG_9435.JPG,Fungi,Potato,train
Virus/20230815_112427.jpg,Virus,Potato,train
Pest/IMG_20230816_140018.jpg,Pest,Potato,train
Pest/20230802_115707.jpg,Pest,Potato,train
Fungi/IMG_8220.JPG,Fungi,Potato,train
Fungi/IMG_20230815_154600~2.jpg,Fungi,Potato,train
Phytopthora/IMG_8323.JPG,Phytopthora,Potato,train
Virus/20230815_121209.jpg,Virus,Potato,train
Pest/20230712_114410.jpg,Pest,Potato,train
Virus/IMG_0469.JPG,Virus,Potato,train
Fungi/1692335403702.jpg,Fungi,Potato,train
Bacteria/20230816_135224.jpg,Bacteria,Potato,train
Healthy/IMG_4812.JPG,Healthy,Potato,train
Virus/IMG_0281.JPG,Virus,Potato,train
Bacteria/20230816_142440.jpg,Bacteria,Potato,train
Virus/20230816_114442.jpg,Virus,Potato,train
Fungi/IMG_0130.JPG,Fungi,Potato,train
Virus/IMG_0968.JPG,Virus,Potato,train
Phytopthora/20230802_115549.jpg,Phytopthora,Potato,train
Fungi/IMG_9477.JPG,Fungi,Potato,train
Bacteria/IMG_0320.JPG,Bacteria,Potato,train
Fungi/IMG_20230816_123538~2.jpg,Fungi,Potato,train
Pest/IMG_9413.JPG,Pest,Potato,train
Fungi/IMG_20230815_112711~2.jpg,Fungi,Potato,train
Pest/IMG_0325.JPG,Pest,Potato,train
Bacteria/20230816_140335.jpg,Bacteria,Potato,train
Bacteria/20230816_142650.jpg,Bacteria,Potato,train
Fungi/IMG_20230816_122600.jpg,Fungi,Potato,train
Bacteria/20230815_153552.jpg,Bacteria,Potato,train
Bacteria/20230815_113930.jpg,Bacteria,Potato,train
Virus/20230816_123336.jpg,Virus,Potato,train
Healthy/20230802_130139.jpg,Healthy,Potato,train
Bacteria/20230816_135126.jpg,Bacteria,Potato,train
Bacteria/20230816_140110.jpg,Bacteria,Potato,train
Bacteria/IMG_0950.JPG,Bacteria,Potato,train
Phytopthora/20230802_110909.jpg,Phytopthora,Potato,train
Fungi/IMG_0817.JPG,Fungi,Potato,train
Bacteria/IMG_1205.JPG,Bacteria,Potato,train
Virus/IMG_20230816_115306~2.jpg,Virus,Potato,train
Virus/20230712_133012.jpg,Virus,Potato,train
Pest/IMG_9552.JPG,Pest,Potato,train
Bacteria/20230815_114111.jpg,Bacteria,Potato,train
Fungi/20230802_130230.jpg,Fungi,Potato,train
Nematode/20230816_084155.jpg,Nematode,Potato,train
Bacteria/1692336758680.jpg,Bacteria,Potato,train
Pest/IMG_0213 (1).JPG,Pest,Potato,train
Pest/IMG_8346.JPG,Pest,Potato,train
Pest/20230802_105220186.jpg,Pest,Potato,train
Pest/IMG_4722.JPG,Pest,Potato,train
Virus/IMG_0391.JPG,Virus,Potato,train
Bacteria/IMG_1081.JPG,Bacteria,Potato,train
Nematode/20230802_105202.jpg,Nematode,Potato,train
Pest/20230802_110208620.jpg,Pest,Potato,train
Fungi/IMG_0262.JPG,Fungi,Potato,train
Healthy/20230712_130756.jpg,Healthy,Potato,train
Fungi/IMG_9414.JPG,Fungi,Potato,train
Bacteria/20230816_141040.jpg,Bacteria,Potato,train
Virus/IMG_0343.JPG,Virus,Potato,train
Pest/IMG_0203.JPG,Pest,Potato,train
Pest/IMG_20230816_141440.jpg,Pest,Potato,train
Healthy/20230712_120415.jpg,Healthy,Potato,train
Phytopthora/IMG_0399.JPG,Phytopthora,Potato,train
Virus/IMG_0622.JPG,Virus,Potato,train
Virus/IMG_0952.JPG,Virus,Potato,train
Pest/20230712_154516.jpg,Pest,Potato,train
Virus/IMG_0222.JPG,Virus,Potato,train
Virus/IMG_0515.JPG,Virus,Potato,train
Fungi/IMG_20230816_122740.jpg,Fungi,Potato,train
Pest/20230712_121910.jpg,Pest,Potato,train
Fungi/20230712_150034.jpg,Fungi,Potato,train
Bacteria/20230816_141042.jpg,Bacteria,Potato,train
Fungi/1692334247315.jpg,Fungi,Potato,train
Phytopthora/IMG_0361.JPG,Phytopthora,Potato,train
Pest/IMG_0215.JPG,Pest,Potato,train
Bacteria/IMG_1243.JPG,Bacteria,Potato,train
Nematode/20230712_155420.jpg,Nematode,Potato,train
Fungi/20230815_121541.jpg,Fungi,Potato,train
Virus/20230815_150527.jpg,Virus,Potato,train
Bacteria/20230816_134458.jpg,Bacteria,Potato,train
Bacteria/20230816_140014.jpg,Bacteria,Potato,train
Pest/IMG_0183.JPG,Pest,Potato,train
Pest/IMG_20230816_141925.jpg,Pest,Potato,train
Fungi/IMG_0240.JPG,Fungi,Potato,train
Fungi/IMG_20230816_122017.jpg,Fungi,Potato,train
Phytopthora/20230802_123816.jpg,Phytopthora,Potato,train
Phytopthora/IMG_9537.JPG,Phytopthora,Potato,train
Pest/20230816_142942.jpg,Pest,Potato,train
Virus/20230815_150702.jpg,Virus,Potato,train
Virus/IMG_1010.JPG,Virus,Potato,train
Virus/IMG_1125.JPG,Virus,Potato,train
Bacteria/IMG_1183.JPG,Bacteria,Potato,train
Phytopthora/IMG_9537 (1).JPG,Phytopthora,Potato,train
Fungi/20230802_112919532.jpg,Fungi,Potato,train
Bacteria/IMG_1030.JPG,Bacteria,Potato,train
Phytopthora/20230802_123921.jpg,Phytopthora,Potato,train
Healthy/20230922_155419.jpg,Healthy,Potato,train
Pest/IMG_0938.JPG,Pest,Potato,train
Virus/IMG_0464.JPG,Virus,Potato,train
Phytopthora/IMG_0312 - Copy.JPG,Phytopthora,Potato,train
Pest/20230712_123331.jpg,Pest,Potato,train
Virus/20230815_114254.jpg,Virus,Potato,train
Nematode/IMG_8339.JPG,Nematode,Potato,train
Healthy/IMG_8223.JPG,Healthy,Potato,train
Virus/20230815_120534.jpg,Virus,Potato,train
Phytopthora/20230802_123704486.jpg,Phytopthora,Potato,train
Bacteria/20230816_135212.jpg,Bacteria,Potato,train
Phytopthora/20230802_123535.jpg,Phytopthora,Potato,train
Bacteria/IMG_1241.JPG,Bacteria,Potato,train
Healthy/IMG_20230815_150518.jpg,Healthy,Potato,train
Healthy/20230816_121556.jpg,Healthy,Potato,train
Nematode/20230816_082906.jpg,Nematode,Potato,train
Healthy/20230712_122740.jpg,Healthy,Potato,train
Fungi/20230802_110718.jpg,Fungi,Potato,train
Virus/20230815_112931.jpg,Virus,Potato,train
Phytopthora/20230802_124937943.jpg,Phytopthora,Potato,train
Virus/IMG_0377.JPG,Virus,Potato,train
Bacteria/IMG_1090.JPG,Bacteria,Potato,train
Pest/IMG_8298.JPG,Pest,Potato,train
Pest/IMG_20230816_141517.jpg,Pest,Potato,train
Pest/20230802_115332.jpg,Pest,Potato,train
Pest/IMG_8308.JPG,Pest,Potato,train
Bacteria/IMG_0362.JPG,Bacteria,Potato,train
Fungi/20230802_113029.jpg,Fungi,Potato,train
Phytopthora/IMG_20230815_151502.jpg,Phytopthora,Potato,train
Healthy/20230802_120348475.jpg,Healthy,Potato,train
Pest/1692338650582.jpg,Pest,Potato,train
Fungi/IMG_9361.JPG,Fungi,Potato,train
Bacteria/20230816_142712.jpg,Bacteria,Potato,train
Fungi/20230802_111747394.jpg,Fungi,Potato,train
Fungi/20230815_112619.jpg,Fungi,Potato,train
Phytopthora/IMG_9523.JPG,Phytopthora,Potato,train
Bacteria/20230816_135242.jpg,Bacteria,Potato,train
Phytopthora/IMG_9510 (1).JPG,Phytopthora,Potato,train
Fungi/1692339473805.jpg,Fungi,Potato,train
Bacteria/20230816_142738.jpg,Bacteria,Potato,train
Phytopthora/IMG_0381.JPG,Phytopthora,Potato,train
Virus/20230815_151048.jpg,Virus,Potato,train
Pest/IMG_20230816_140731.jpg,Pest,Potato,train
Bacteria/IMG_1187.JPG,Bacteria,Potato,train
Bacteria/20230816_140735.jpg,Bacteria,Potato,train
Healthy/20230922_154218.jpg,Healthy,Potato,train
Virus/20230816_123055.jpg,Virus,Potato,train
Bacteria/IMG_1221.JPG,Bacteria,Potato,train
Virus/20230815_151656.jpg,Virus,Potato,train
Virus/20230816_114808.jpg,Virus,Potato,train
Healthy/20230802_130151.jpg,Healthy,Potato,train
Bacteria/IMG_0909.JPG,Bacteria,Potato,train
Virus/20230922_155857.jpg,Virus,Potato,train
Fungi/IMG_0627.JPG,Fungi,Potato,train
Healthy/20230712_121641.jpg,Healthy,Potato,train
Phytopthora/IMG_9523 (1).JPG,Phytopthora,Potato,train
Phytopthora/IMG_9534.JPG,Phytopthora,Potato,train
Bacteria/IMG_1038.JPG,Bacteria,Potato,train
Fungi/IMG_0747.JPG,Fungi,Potato,train
Healthy/20230712_121709.jpg,Healthy,Potato,train
Fungi/20230815_113236.jpg,Fungi,Potato,train
Fungi/IMG_20230816_121459~2.jpg,Fungi,Potato,train
Bacteria/IMG_0354.JPG,Bacteria,Potato,train
Fungi/IMG_4703.JPG,Fungi,Potato,train
Bacteria/IMG_0835.JPG,Bacteria,Potato,train
Bacteria/20230816_140633.jpg,Bacteria,Potato,train
Fungi/IMG_20230815_121308~2.jpg,Fungi,Potato,train
Virus/20230815_112606.jpg,Virus,Potato,train
Fungi/IMG_0137.JPG,Fungi,Potato,train
Bacteria/IMG_0902.JPG,Bacteria,Potato,train
Fungi/IMG_4666.JPG,Fungi,Potato,train
Fungi/20230816_123029.jpg,Fungi,Potato,train
Healthy/20230922_154200.jpg,Healthy,Potato,train
Fungi/IMG_9441.JPG,Fungi,Potato,train
Fungi/20230802_112040679.jpg,Fungi,Potato,train
Fungi/20230712_155554.jpg,Fungi,Potato,train
Virus/IMG_0308.JPG,Virus,Potato,train
Healthy/IMG_9418.JPG,Healthy,Potato,train
Nematode/IMG_8330.JPG,Nematode,Potato,train
Virus/IMG_0315 (1).JPG,Virus,Potato,train
Pest/20230712_122808.jpg,Pest,Potato,train
Phytopthora/20230802_124313.jpg,Phytopthora,Potato,train
Fungi/IMG_9431.JPG,Fungi,Potato,train
Fungi/IMG_20230816_122620.jpg,Fungi,Potato,train
Phytopthora/IMG_0366.JPG,Phytopthora,Potato,train
Phytopthora/IMG_9512.JPG,Phytopthora,Potato,train
Virus/20230815_114328.jpg,Virus,Potato,train
Fungi/20230802_112729.jpg,Fungi,Potato,train
Virus/IMG_0616.JPG,Virus,Potato,train
Pest/IMG_0202.JPG,Pest,Potato,train
Bacteria/IMG_1189.JPG,Bacteria,Potato,train
Healthy/20230712_122717.jpg,Healthy,Potato,train
Phytopthora/20230815_121437.jpg,Phytopthora,Potato,train
Virus/20230802_120710.jpg,Virus,Potato,train
Fungi/IMG_9457.JPG,Fungi,Potato,train
Bacteria/IMG_0903.JPG,Bacteria,Potato,train
Fungi/IMG_0121.JPG,Fungi,Potato,train
Bacteria/IMG_0370.JPG,Bacteria,Potato,train
Pest/20230802_125358.jpg,Pest,Potato,train
Fungi/IMG_9468.JPG,Fungi,Potato,train
Nematode/20230816_122536.jpg,Nematode,Potato,train
Pest/1692334247335.jpg,Pest,Potato,train
Bacteria/IMG_1154.JPG,Bacteria,Potato,train
Pest/IMG_0347.JPG,Pest,Potato,train
Bacteria/20230815_113831.jpg,Bacteria,Potato,train
Virus/20230815_120616.jpg,Virus,Potato,train
Bacteria/IMG_0914.JPG,Bacteria,Potato,train
Healthy/20230712_133011.jpg,Healthy,Potato,train
Pest/20230922_163726.jpg,Pest,Potato,train
Bacteria/20230815_114048.jpg,Bacteria,Potato,train
Pest/IMG_0838.JPG,Pest,Potato,train
Phytopthora/20230802_123410851.jpg,Phytopthora,Potato,train
Virus/20230816_115002.jpg,Virus,Potato,train
Fungi/IMG_4799.JPG,Fungi,Potato,train
Pest/IMG_20230816_135224.jpg,Pest,Potato,train
Fungi/20230802_124804236.jpg,Fungi,Potato,train
Fungi/IMG_20230815_154144~2.jpg,Fungi,Potato,train
Phytopthora/IMG_0390 (1).JPG,Phytopthora,Potato,train
Nematode/20230802_105249.jpg,Nematode,Potato,train
Bacteria/20230816_140615.jpg,Bacteria,Potato,train
Virus/IMG_0422.JPG,Virus,Potato,train
Pest/20230802_115337.jpg,Pest,Potato,train
Phytopthora/IMG_0370.JPG,Phytopthora,Potato,train
Fungi/IMG_0266.JPG,Fungi,Potato,train
Fungi/IMG_4675.JPG,Fungi,Potato,train
Fungi/IMG_0668.JPG,Fungi,Potato,train
Healthy/20230816_115745.jpg,Healthy,Potato,train
Fungi/1692338650592.jpg,Fungi,Potato,train
Virus/IMG_0305.JPG,Virus,Potato,train
Pest/20230802_120027734.jpg,Pest,Potato,train
Phytopthora/IMG_9368.JPG,Phytopthora,Potato,train
Nematode/20230815_153019.jpg,Nematode,Potato,train
Pest/IMG_8115.JPG,Pest,Potato,train
Pest/20230712_133300.jpg,Pest,Potato,train
Pest/IMG_0303.JPG,Pest,Potato,train
Fungi/1692335403815.jpg,Fungi,Potato,train
Fungi/1692336758861.jpg,Fungi,Potato,train
Fungi/1692334247688.jpg,Fungi,Potato,train
Virus/IMG_20230816_115049~2.jpg,Virus,Potato,train
Fungi/IMG_20230815_153553~2.jpg,Fungi,Potato,train
Healthy/20230922_154237.jpg,Healthy,Potato,train
Pest/20230712_133050.jpg,Pest,Potato,train
Virus/IMG_1223.JPG,Virus,Potato,train
Bacteria/20230816_142603.jpg,Bacteria,Potato,train
Bacteria/IMG_0373.JPG,Bacteria,Potato,train
Healthy/IMG_20230815_112958~2.jpg,Healthy,Potato,train
Pest/IMG_0173.JPG,Pest,Potato,train
Fungi/IMG_20230816_114402.jpg,Fungi,Potato,train
Healthy/20230815_115651.jpg,Healthy,Potato,train
Virus/20230815_112652.jpg,Virus,Potato,train
Fungi/IMG_4758.JPG,Fungi,Potato,train
Virus/IMG_20230815_153212~2.jpg,Virus,Potato,train
Phytopthora/20230802_124436.jpg,Phytopthora,Potato,train
Fungi/1692335403977.jpg,Fungi,Potato,train
Bacteria/20230816_141517.jpg,Bacteria,Potato,train
Virus/IMG_0300.JPG,Virus,Potato,train
Bacteria/IMG_1032.JPG,Bacteria,Potato,train
Fungi/IMG_4790.JPG,Fungi,Potato,train
Virus/IMG_0414.JPG,Virus,Potato,train
Phytopthora/20230802_124445.jpg,Phytopthora,Potato,train
Healthy/20230712_123812.jpg,Healthy,Potato,train
Bacteria/IMG_0326.JPG,Bacteria,Potato,train
Bacteria/IMG_1181.JPG,Bacteria,Potato,train
Phytopthora/IMG_0836.JPG,Phytopthora,Potato,train
Virus/20230816_113008.jpg,Virus,Potato,train
Pest/IMG_9521.JPG,Pest,Potato,train
Fungi/20230712_123313.jpg,Fungi,Potato,train
Pest/IMG_20230816_140201.jpg,Pest,Potato,train
Virus/20230815_154324.jpg,Virus,Potato,train
Virus/IMG_0618.JPG,Virus,Potato,train
Virus/20230712_133020.jpg,Virus,Potato,train
Fungi/IMG_0628.JPG,Fungi,Potato,train
Phytopthora/IMG_0344.JPG,Phytopthora,Potato,train
Fungi/IMG_9363.JPG,Fungi,Potato,train
Bacteria/IMG_1022.JPG,Bacteria,Potato,train
Phytopthora/20230802_124923980.jpg,Phytopthora,Potato,train
Bacteria/20230815_120734.jpg,Bacteria,Potato,train
Phytopthora/20230802_124715.jpg,Phytopthora,Potato,train
Pest/20230802_115833816.jpg,Pest,Potato,train
Healthy/20230802_123822.jpg,Healthy,Potato,train
Phytopthora/IMG_0350.JPG,Phytopthora,Potato,train
Fungi/IMG_20230816_122537.jpg,Fungi,Potato,train
Pest/20230802_124241968.jpg,Pest,Potato,train
Virus/IMG_20230816_075730.jpg,Virus,Potato,train
Virus/IMG_0472.JPG,Virus,Potato,train
Virus/IMG_0607.JPG,Virus,Potato,train
Pest/20230802_130247.jpg,Pest,Potato,train
Fungi/20230802_110640.jpg,Fungi,Potato,train
Bacteria/20230815_114003.jpg,Bacteria,Potato,train
Fungi/20230802_112024.jpg,Fungi,Potato,train
Fungi/20230802_112133191.jpg,Fungi,Potato,train
Virus/20230815_151944.jpg,Virus,Potato,train
Phytopthora/IMG_0336.JPG,Phytopthora,Potato,train
Pest/20230922_163506.jpg,Pest,Potato,train
Phytopthora/20230802_124636.jpg,Phytopthora,Potato,train
Fungi/IMG_9434.JPG,Fungi,Potato,train
Pest/IMG_8344.JPG,Pest,Potato,train
Fungi/IMG_9409.JPG,Fungi,Potato,train
Pest/IMG_0930.JPG,Pest,Potato,train
Virus/IMG_1071.JPG,Virus,Potato,train
Bacteria/20230816_135453.jpg,Bacteria,Potato,train
Healthy/20230815_112459.jpg,Healthy,Potato,train
Pest/IMG_8307.JPG,Pest,Potato,train
Fungi/IMG_20230815_112811~2.jpg,Fungi,Potato,train
Pest/IMG_0676.JPG,Pest,Potato,train
Bacteria/20230816_142015.jpg,Bacteria,Potato,train
Bacteria/IMG_1191.JPG,Bacteria,Potato,train
Pest/20230816_140316.jpg,Pest,Potato,train
Fungi/1692335403509.jpg,Fungi,Potato,train
Nematode/20230815_122808.jpg,Nematode,Potato,train
Fungi/20230802_110032879.jpg,Fungi,Potato,train
Bacteria/20230816_140926.jpg,Bacteria,Potato,train
Fungi/1692334247616.jpg,Fungi,Potato,train
Fungi/IMG_8147.JPG,Fungi,Potato,train
Fungi/IMG_9384.JPG,Fungi,Potato,train
Bacteria/20230816_141831.jpg,Bacteria,Potato,train
Fungi/IMG_20230815_120732~2.jpg,Fungi,Potato,train
Virus/20230712_132441.jpg,Virus,Potato,train
Healthy/20230712_131035.jpg,Healthy,Potato,train
Fungi/IMG_8079.JPG,Fungi,Potato,train
Bacteria/IMG_1169.JPG,Bacteria,Potato,train
Bacteria/20230816_140956.jpg,Bacteria,Potato,train
Bacteria/IMG_1258.JPG,Bacteria,Potato,train
Nematode/20230816_084203.jpg,Nematode,Potato,train
Bacteria/IMG_1210.JPG,Bacteria,Potato,train
Fungi/IMG_20230816_083255 (1).jpg,Fungi,Potato,train
Fungi/20230712_155724.jpg,Fungi,Potato,train
Virus/IMG_0376.JPG,Virus,Potato,train
Fungi/IMG_0268.JPG,Fungi,Potato,train
Fungi/IMG_0274.JPG,Fungi,Potato,train
Bacteria/IMG_1209.JPG,Bacteria,Potato,train
Bacteria/IMG_1248.JPG,Bacteria,Potato,train
Phytopthora/IMG_9367.JPG,Phytopthora,Potato,train
Fungi/IMG_20230816_122536.jpg,Fungi,Potato,train
Fungi/1692334247530.jpg,Fungi,Potato,train
Bacteria/IMG_0916.JPG,Bacteria,Potato,train
Pest/20230802_115125860.jpg,Pest,Potato,train
Pest/IMG_0190.JPG,Pest,Potato,train
Fungi/IMG_4672.JPG,Fungi,Potato,train
Bacteria/IMG_0729.JPG,Bacteria,Potato,train
Healthy/20230816_121544.jpg,Healthy,Potato,train
Fungi/IMG_0294.JPG,Fungi,Potato,train
Healthy/20230712_122657.jpg,Healthy,Potato,train
Bacteria/20230816_135632.jpg,Bacteria,Potato,train
Bacteria/20230816_120934.jpg,Bacteria,Potato,train
Fungi/IMG_8113.JPG,Fungi,Potato,train
Pest/20230712_114657.jpg,Pest,Potato,train
Bacteria/IMG_1180.JPG,Bacteria,Potato,train
Phytopthora/IMG_9517.JPG,Phytopthora,Potato,train
Fungi/IMG_9476.JPG,Fungi,Potato,train
Healthy/20230922_155838.jpg,Healthy,Potato,train
Fungi/20230712_122247.jpg,Fungi,Potato,train
Bacteria/20230816_141446.jpg,Bacteria,Potato,train
Pest/20230802_124809.jpg,Pest,Potato,train
Virus/IMG_8206.JPG,Virus,Potato,train
Bacteria/20230815_114456.jpg,Bacteria,Potato,train
Pest/IMG_4745.JPG,Pest,Potato,train
Fungi/IMG_9455.JPG,Fungi,Potato,train
Pest/IMG_8300.JPG,Pest,Potato,train
Bacteria/20230816_141448.jpg,Bacteria,Potato,train
Fungi/IMG_4756.JPG,Fungi,Potato,train
Fungi/20230816_122701.jpg,Fungi,Potato,train
Virus/IMG_0986.JPG,Virus,Potato,train
Fungi/20230816_122443.jpg,Fungi,Potato,train
Fungi/20230802_112205273.jpg,Fungi,Potato,train
Fungi/1692335403497.jpg,Fungi,Potato,train
Pest/20230816_140341.jpg,Pest,Potato,train
Virus/IMG_0934.JPG,Virus,Potato,train
Bacteria/20230815_113527.jpg,Bacteria,Potato,train
Fungi/20230802_111840.jpg,Fungi,Potato,train
Phytopthora/20230712_144044.jpg,Phytopthora,Potato,train
Fungi/IMG_20230816_115028.jpg,Fungi,Potato,train
Bacteria/20230816_142552.jpg,Bacteria,Potato,train
Fungi/20230802_110812.jpg,Fungi,Potato,train
Bacteria/20230816_135436.jpg,Bacteria,Potato,train
Virus/20230815_120339.jpg,Virus,Potato,train
Phytopthora/IMG_0404.JPG,Phytopthora,Potato,train
Fungi/1692335403892.jpg,Fungi,Potato,train
Fungi/IMG_20230815_152113~2.jpg,Fungi,Potato,train
Fungi/20230815_113305.jpg,Fungi,Potato,train
Phytopthora/IMG_4687.JPG,Phytopthora,Potato,train
Healthy/20230815_122255.jpg,Healthy,Potato,train
Virus/20230815_150640.jpg,Virus,Potato,train
Virus/20230816_145816.jpg,Virus,Potato,train
Virus/IMG_0451.JPG,Virus,Potato,train
Bacteria/20230816_140613.jpg,Bacteria,Potato,train
Pest/20230802_115425918.jpg,Pest,Potato,train
Nematode/IMG_8338.JPG,Nematode,Potato,train
Bacteria/20230816_142011.jpg,Bacteria,Potato,train
Healthy/1692336758850.jpg,Healthy,Potato,train
Bacteria/20230816_134136.jpg,Bacteria,Potato,train
Nematode/20230712_155744.jpg,Nematode,Potato,train
Phytopthora/20230802_123451.jpg,Phytopthora,Potato,train
Fungi/20230815_115923.jpg,Fungi,Potato,train
Fungi/20230802_111351.jpg,Fungi,Potato,train
Phytopthora/IMG_0372.JPG,Phytopthora,Potato,train
Fungi/IMG_0169.JPG,Fungi,Potato,train
Pest/20230712_115906.jpg,Pest,Potato,train
Healthy/20230802_124215.jpg,Healthy,Potato,train
Fungi/IMG_0264.JPG,Fungi,Potato,train
Virus/IMG_0415.JPG,Virus,Potato,train
Virus/20230815_112402.jpg,Virus,Potato,train
Phytopthora/IMG_0362.JPG,Phytopthora,Potato,train
Bacteria/IMG_1171.JPG,Bacteria,Potato,train
Fungi/IMG_4755.JPG,Fungi,Potato,train
Fungi/IMG_9470.JPG,Fungi,Potato,train
Bacteria/IMG_0372.JPG,Bacteria,Potato,train
Fungi/20230802_113138998.jpg,Fungi,Potato,train
Virus/IMG_0409.JPG,Virus,Potato,train
Phytopthora/IMG_9506.JPG,Phytopthora,Potato,train
Bacteria/IMG_1161.JPG,Bacteria,Potato,train
Virus/IMG_0863.JPG,Virus,Potato,train
Bacteria/20230816_140928.jpg,Bacteria,Potato,train
Pest/IMG_0273.JPG,Pest,Potato,train
Virus/20230816_123120.jpg,Virus,Potato,train
Phytopthora/20230802_124336.jpg,Phytopthora,Potato,train
Fungi/IMG_0269.JPG,Fungi,Potato,train
Healthy/20230816_121242.jpg,Healthy,Potato,train
Pest/20230802_115839605.jpg,Pest,Potato,train
Virus/20230815_151731.jpg,Virus,Potato,train
Fungi/IMG_0165.JPG,Fungi,Potato,train
Virus/20230802_130014.jpg,Virus,Potato,train
Pest/20230802_125246.jpg,Pest,Potato,train
Pest/IMG_0293.JPG,Pest,Potato,train
Bacteria/20230816_135952.jpg,Bacteria,Potato,train
Virus/20230816_121409.jpg,Virus,Potato,train
Pest/20230712_133449.jpg,Pest,Potato,train
Pest/IMG_8174.JPG,Pest,Potato,train
Bacteria/20230816_141526.jpg,Bacteria,Potato,train
Bacteria/IMG_1184.JPG,Bacteria,Potato,train
Fungi/1692334247356.jpg,Fungi,Potato,train
Bacteria/IMG_1239.JPG,Bacteria,Potato,train
Fungi/20230802_111812401.jpg,Fungi,Potato,train
Nematode/IMG_9461.JPG,Nematode,Potato,train
Virus/IMG_0215.JPG,Virus,Potato,train
Fungi/1692335403753.jpg,Fungi,Potato,train
Fungi/20230816_114407.jpg,Fungi,Potato,train
Bacteria/20230815_113825.jpg,Bacteria,Potato,train
Pest/IMG_20230816_140126.jpg,Pest,Potato,train
Pest/20230712_145420.jpg,Pest,Potato,train
Pest/20230922_163509.jpg,Pest,Potato,train
Virus/IMG_0463.JPG,Virus,Potato,train
Virus/20230712_133208.jpg,Virus,Potato,train
Fungi/IMG_0219.JPG,Fungi,Potato,train
Virus/IMG_0491.JPG,Virus,Potato,train
Fungi/IMG_0778.JPG,Fungi,Potato,train
Virus/20230816_114955.jpg,Virus,Potato,train
Virus/20230802_124122.jpg,Virus,Potato,train
Phytopthora/IMG_0380.JPG,Phytopthora,Potato,train
Pest/20230712_114443.jpg,Pest,Potato,train
Virus/IMG_0646.JPG,Virus,Potato,train
Fungi/20230802_111320.jpg,Fungi,Potato,train
Fungi/20230802_110105.jpg,Fungi,Potato,train
Bacteria/IMG_1153.JPG,Bacteria,Potato,train
Healthy/20230922_154136.jpg,Healthy,Potato,train
Pest/20230802_120246564.jpg,Pest,Potato,train
Bacteria/IMG_0369.JPG,Bacteria,Potato,train
Pest/20230816_135202.jpg,Pest,Potato,train
Healthy/20230815_152832.jpg,Healthy,Potato,train
Phytopthora/IMG_0250 - Copy.JPG,Phytopthora,Potato,train
Pest/IMG_8239.JPG,Pest,Potato,train
Phytopthora/IMG_0286 - Copy.JPG,Phytopthora,Potato,train
Virus/20230815_114241.jpg,Virus,Potato,train
Pest/20230802_115717636.jpg,Pest,Potato,train
Fungi/20230802_110025.jpg,Fungi,Potato,train
Bacteria/20230815_120101.jpg,Bacteria,Potato,train
Pest/IMG_20230816_114403.jpg,Pest,Potato,train
Bacteria/20230816_142345.jpg,Bacteria,Potato,train
Bacteria/20230816_134658.jpg,Bacteria,Potato,train
Phytopthora/IMG_0255 - Copy.JPG,Phytopthora,Potato,train
Pest/20230922_163547.jpg,Pest,Potato,train
Virus/IMG_1266.JPG,Virus,Potato,train
Pest/20230712_144204.jpg,Pest,Potato,train
Fungi/IMG_20230816_121453.jpg,Fungi,Potato,train
Phytopthora/20230802_125018630.jpg,Phytopthora,Potato,train
Pest/IMG_8103.JPG,Pest,Potato,train
Virus/IMG_0614.JPG,Virus,Potato,train
Bacteria/20230816_134825.jpg,Bacteria,Potato,train
Pest/20230802_125238.jpg,Pest,Potato,train
Bacteria/20230815_114519.jpg,Bacteria,Potato,train
Fungi/20230816_083544.jpg,Fungi,Potato,train
Pest/IMG_20230816_140825~2.jpg,Pest,Potato,train
Fungi/1692335403350.jpg,Fungi,Potato,train
Fungi/IMG_9453.JPG,Fungi,Potato,train
Fungi/IMG_0151.JPG,Fungi,Potato,train
Virus/20230816_113830.jpg,Virus,Potato,train
Pest/IMG_20230815_152343.jpg,Pest,Potato,train
Fungi/20230802_105917183.jpg,Fungi,Potato,train
Bacteria/IMG_1213.JPG,Bacteria,Potato,train
Fungi/IMG_0285.JPG,Fungi,Potato,train
Healthy/20230802_124213.jpg,Healthy,Potato,train
Bacteria/20230816_140934.jpg,Bacteria,Potato,train
Fungi/20230815_112259.jpg,Fungi,Potato,train
Bacteria/IMG_0874.JPG,Bacteria,Potato,train
Bacteria/IMG_1238.JPG,Bacteria,Potato,train
Phytopthora/IMG_9372.JPG,Phytopthora,Potato,train
Pest/20230712_160248.jpg,Pest,Potato,train
Fungi/IMG_0706.JPG,Fungi,Potato,train
Pest/IMG_0295.JPG,Pest,Potato,train
Bacteria/IMG_1078.JPG,Bacteria,Potato,train
Virus/20230815_115312.jpg,Virus,Potato,train
Bacteria/20230816_134520.jpg,Bacteria,Potato,train
Pest/20230802_125428.jpg,Pest,Potato,train
Fungi/IMG_9376.JPG,Fungi,Potato,train
Nematode/IMG_0303.JPG,Nematode,Potato,train
Fungi/IMG_4720.JPG,Fungi,Potato,train
Fungi/1692334247561.jpg,Fungi,Potato,train
Virus/20230815_112748.jpg,Virus,Potato,train
Nematode/20230712_120909.jpg,Nematode,Potato,train
Virus/20230816_114959.jpg,Virus,Potato,train
Fungi/IMG_0168.JPG,Fungi,Potato,train
Phytopthora/20230802_124709348.jpg,Phytopthora,Potato,train
Virus/20230816_113416.jpg,Virus,Potato,train
Fungi/IMG_0873.JPG,Fungi,Potato,train
Healthy/20230802_124148.jpg,Healthy,Potato,train
Bacteria/20230815_122505.jpg,Bacteria,Potato,train
Virus/IMG_0467.JPG,Virus,Potato,train
Pest/IMG_20230816_140744.jpg,Pest,Potato,train
Pest/IMG_0346 - Copy.JPG,Pest,Potato,train
Virus/IMG_0997.JPG,Virus,Potato,train
Bacteria/20230816_135259.jpg,Bacteria,Potato,train
Pest/1692332350525.jpg,Pest,Potato,train
Pest/IMG_20230816_135440.jpg,Pest,Potato,train
Fungi/IMG_8125.JPG,Fungi,Potato,train
Virus/20230815_154031.jpg,Virus,Potato,train
Fungi/IMG_4749.JPG,Fungi,Potato,train
Fungi/IMG_4699.JPG,Fungi,Potato,train
Bacteria/20230816_134445.jpg,Bacteria,Potato,train
Phytopthora/20230712_144143.jpg,Phytopthora,Potato,train
Fungi/IMG_0793.JPG,Fungi,Potato,train
Pest/20230712_122203.jpg,Pest,Potato,train
Pest/20230816_122913.jpg,Pest,Potato,train
Pest/IMG_20230816_134609.jpg,Pest,Potato,train
Nematode/20230712_122802.jpg,Nematode,Potato,train
Virus/20230815_113110.jpg,Virus,Potato,train
Phytopthora/20230802_124025.jpg,Phytopthora,Potato,train
Pest/IMG_20230816_141054~2.jpg,Pest,Potato,train
Fungi/IMG_9451.JPG,Fungi,Potato,train
Bacteria/20230816_141402.jpg,Bacteria,Potato,train
Fungi/IMG_0746.JPG,Fungi,Potato,train
Virus/IMG_8256.JPG,Virus,Potato,train
Fungi/20230802_110922671.jpg,Fungi,Potato,train
Fungi/IMG_0257.JPG,Fungi,Potato,train
Pest/IMG_4796.JPG,Pest,Potato,train
Phytopthora/IMG_0394.JPG,Phytopthora,Potato,train
Nematode/IMG_8318.JPG,Nematode,Potato,train
Fungi/IMG_0287.JPG,Fungi,Potato,train
Healthy/20230922_154242.jpg,Healthy,Potato,train
Bacteria/20230816_142031.jpg,Bacteria,Potato,train
Phytopthora/20230802_125803.jpg,Phytopthora,Potato,train
Bacteria/20230816_142449.jpg,Bacteria,Potato,train
Phytopthora/IMG_0339.JPG,Phytopthora,Potato,train
Fungi/IMG_20230816_084638 (1).jpg,Fungi,Potato,train
Bacteria/IMG_1093.JPG,Bacteria,Potato,train
Fungi/IMG_8243.JPG,Fungi,Potato,train
Phytopthora/IMG_0392.JPG,Phytopthora,Potato,train
Healthy/20230816_121545.jpg,Healthy,Potato,train
Fungi/IMG_9422.JPG,Fungi,Potato,train
Bacteria/20230816_135543.jpg,Bacteria,Potato,train
Virus/20230815_151254.jpg,Virus,Potato,train
Phytopthora/20230712_154940.jpg,Phytopthora,Potato,train
Bacteria/20230816_135607.jpg,Bacteria,Potato,train
Fungi/IMG_0704.JPG,Fungi,Potato,train
Fungi/IMG_9403.JPG,Fungi,Potato,train
Bacteria/20230816_135216.jpg,Bacteria,Potato,train
Bacteria/IMG_1035.JPG,Bacteria,Potato,train
Fungi/20230816_121534.jpg,Fungi,Potato,train
Pest/IMG_8094.JPG,Pest,Potato,train
Fungi/20230815_152017.jpg,Fungi,Potato,train
Pest/IMG_0301.JPG,Pest,Potato,train
Fungi/IMG_20230815_112257.jpg,Fungi,Potato,train
Phytopthora/IMG_9560 (1).JPG,Phytopthora,Potato,train
Fungi/1692332350534.jpg,Fungi,Potato,train
Fungi/20230802_111921.jpg,Fungi,Potato,train
Virus/20230815_151332.jpg,Virus,Potato,train
Bacteria/20230815_114546.jpg,Bacteria,Potato,train
Bacteria/IMG_1174.JPG,Bacteria,Potato,train
Fungi/IMG_20230816_121737.jpg,Fungi,Potato,train
Phytopthora/IMG_0358.JPG,Phytopthora,Potato,train
Virus/IMG_0378.JPG,Virus,Potato,train
Fungi/IMG_4751.JPG,Fungi,Potato,train
Fungi/IMG_9377.JPG,Fungi,Potato,train
Bacteria/20230816_141423.jpg,Bacteria,Potato,train
Fungi/20230815_115114.jpg,Fungi,Potato,train
Fungi/1692335403690.jpg,Fungi,Potato,train
Pest/IMG_0180.JPG,Pest,Potato,train
Bacteria/IMG_1195.JPG,Bacteria,Potato,train
Fungi/20230802_112831658.jpg,Fungi,Potato,train
Phytopthora/20230712_155052.jpg,Phytopthora,Potato,train
Virus/IMG_20230815_152740(1).jpg,Virus,Potato,train
Fungi/IMG_0313.JPG,Fungi,Potato,train
Pest/20230802_130322.jpg,Pest,Potato,train
Virus/IMG_0466.JPG,Virus,Potato,train
Fungi/IMG_20230816_121311.jpg,Fungi,Potato,train
Virus/IMG_0412.JPG,Virus,Potato,train
Phytopthora/IMG_0336 - Copy.JPG,Phytopthora,Potato,train
Virus/IMG_0981.JPG,Virus,Potato,train
Nematode/IMG_0194.JPG,Nematode,Potato,train
Fungi/20230802_105722.jpg,Fungi,Potato,train
Bacteria/IMG_1214.JPG,Bacteria,Potato,train
Bacteria/20230816_141425.jpg,Bacteria,Potato,train
Virus/IMG_0635.JPG,Virus,Potato,train
Phytopthora/IMG_9366.JPG,Phytopthora,Potato,train
Pest/20230712_115011.jpg,Pest,Potato,train
Virus/20230802_115610.jpg,Virus,Potato,train
Pest/20230802_124933.jpg,Pest,Potato,train
Bacteria/IMG_1082.JPG,Bacteria,Potato,train
Phytopthora/IMG_0374.JPG,Phytopthora,Potato,train
Fungi/IMG_9446.JPG,Fungi,Potato,train
Fungi/IMG_0271.JPG,Fungi,Potato,train
Virus/20230815_145053.jpg,Virus,Potato,train
Pest/20230712_121915.jpg,Pest,Potato,train
Pest/IMG_20230816_123440~2.jpg,Pest,Potato,train
Bacteria/20230816_141228.jpg,Bacteria,Potato,train
Healthy/20230802_123219828.jpg,Healthy,Potato,train
Healthy/20230712_123841.jpg,Healthy,Potato,train
Bacteria/20230816_135611.jpg,Bacteria,Potato,train
Pest/20230802_125249.jpg,Pest,Potato,train
Pest/IMG_0312.JPG,Pest,Potato,train
Virus/20230815_150341.jpg,Virus,Potato,train
Pest/20230802_125914.jpg,Pest,Potato,train
Fungi/IMG_4665.JPG,Fungi,Potato,train
Pest/20230922_163841.jpg,Pest,Potato,train
Healthy/20230815_112803.jpg,Healthy,Potato,train
Pest/IMG_0218.JPG,Pest,Potato,train
Bacteria/20230816_143315.jpg,Bacteria,Potato,train
Fungi/20230802_105548.jpg,Fungi,Potato,train
Fungi/1692335403421.jpg,Fungi,Potato,train
Phytopthora/IMG_4704.JPG,Phytopthora,Potato,train
Pest/IMG_20230816_141628.jpg,Pest,Potato,train
Virus/IMG_9529.JPG,Virus,Potato,train
Fungi/20230802_105706.jpg,Fungi,Potato,train
Virus/20230816_115010.jpg,Virus,Potato,train
Pest/IMG_4743.JPG,Pest,Potato,train
Virus/IMG_1222.JPG,Virus,Potato,train
Virus/20230815_150700.jpg,Virus,Potato,train
Pest/20230712_123408.jpg,Pest,Potato,train
Bacteria/20230816_142135.jpg,Bacteria,Potato,train
Phytopthora/20230816_122432.jpg,Phytopthora,Potato,train
Phytopthora/20230802_124756.jpg,Phytopthora,Potato,train
Healthy/20230802_124114061.jpg,Healthy,Potato,train
Fungi/IMG_20230816_122345~2.jpg,Fungi,Potato,train
Fungi/IMG_4708.JPG,Fungi,Potato,train
Phytopthora/20230802_125536.jpg,Phytopthora,Potato,train
Virus/20230815_122007.jpg,Virus,Potato,train
Virus/20230802_120000.jpg,Virus,Potato,train
Fungi/20230712_122415.jpg,Fungi,Potato,train
Pest/20230802_120531056.jpg,Pest,Potato,train
Healthy/IMG_4789.JPG,Healthy,Potato,train
Fungi/1692334247349.jpg,Fungi,Potato,train
Fungi/IMG_20230815_115653~2.jpg,Fungi,Potato,train
Virus/20230815_113612.jpg,Virus,Potato,train
Fungi/20230802_105357.jpg,Fungi,Potato,train
Pest/20230802_115723.jpg,Pest,Potato,train
Pest/IMG_20230816_135902.jpg,Pest,Potato,train
Phytopthora/IMG_9463 (1).JPG,Phytopthora,Potato,train
Virus/20230712_154616.jpg,Virus,Potato,train
Virus/20230712_133418.jpg,Virus,Potato,train
Bacteria/20230816_140556.jpg,Bacteria,Potato,train
Phytopthora/IMG_9464.JPG,Phytopthora,Potato,train
Healthy/20230712_123830.jpg,Healthy,Potato,train
Phytopthora/20230802_124725.jpg,Phytopthora,Potato,train
Healthy/20230815_115706.jpg,Healthy,Potato,train
Bacteria/20230816_135637.jpg,Bacteria,Potato,train
Fungi/20230802_111817827.jpg,Fungi,Potato,train
Fungi/20230802_124140776.jpg,Fungi,Potato,train
Pest/20230712_115405.jpg,Pest,Potato,train
Fungi/20230712_154637.jpg,Fungi,Potato,train
Fungi/IMG_9365.JPG,Fungi,Potato,train
Bacteria/20230816_141044.jpg,Bacteria,Potato,train
Bacteria/20230816_141752.jpg,Bacteria,Potato,train
Nematode/IMG_0192.JPG,Nematode,Potato,train
Phytopthora/1692335404516.jpg,Phytopthora,Potato,train
Virus/IMG_0604.JPG,Virus,Potato,train
Phytopthora/20230802_123641.jpg,Phytopthora,Potato,train
Fungi/20230712_154218.jpg,Fungi,Potato,train
Pest/IMG_20230816_141234.jpg,Pest,Potato,train
Fungi/IMG_20230816_122553.jpg,Fungi,Potato,train
Bacteria/IMG_0924.JPG,Bacteria,Potato,train
Fungi/IMG_8201.JPG,Fungi,Potato,train
Virus/20230816_114354.jpg,Virus,Potato,train
Fungi/20230802_110716.jpg,Fungi,Potato,train
Pest/IMG_0224.JPG,Pest,Potato,train
Fungi/IMG_20230816_115039.jpg,Fungi,Potato,train
Healthy/IMG_20230815_114456~2.jpg,Healthy,Potato,train
Virus/20230816_081932.jpg,Virus,Potato,train
Bacteria/20230816_142351.jpg,Bacteria,Potato,train
Fungi/IMG_20230816_121750.jpg,Fungi,Potato,train
Pest/IMG_0232.JPG,Pest,Potato,train
Virus/20230815_151344.jpg,Virus,Potato,train
Bacteria/20230816_135439.jpg,Bacteria,Potato,train
Bacteria/IMG_0834.JPG,Bacteria,Potato,train
Pest/IMG_20230816_134245.jpg,Pest,Potato,train
Pest/IMG_9492.JPG,Pest,Potato,train
Phytopthora/IMG_4712.JPG,Phytopthora,Potato,train
Pest/20230802_120059781.jpg,Pest,Potato,train
Healthy/IMG_9497.JPG,Healthy,Potato,train
Pest/1692336758593.jpg,Pest,Potato,train
Fungi/20230712_150155.jpg,Fungi,Potato,train
Phytopthora/IMG_0351.JPG,Phytopthora,Potato,train
Bacteria/IMG_1142.JPG,Bacteria,Potato,train
Virus/20230802_115616.jpg,Virus,Potato,train
Virus/20230816_115013.jpg,Virus,Potato,train
Healthy/20230815_115704.jpg,Healthy,Potato,train
Pest/IMG_20230815_121211.jpg,Pest,Potato,train
Fungi/IMG_9362.JPG,Fungi,Potato,train
Pest/IMG_20230816_135829~2.jpg,Pest,Potato,train
Nematode/20230815_151412.jpg,Nematode,Potato,train
Pest/IMG_0233.JPG,Pest,Potato,train
Bacteria/20230815_113533.jpg,Bacteria,Potato,train
Phytopthora/IMG_0373.JPG,Phytopthora,Potato,train
Virus/IMG_8211.JPG,Virus,Potato,train
Healthy/20230816_121138.jpg,Healthy,Potato,train
Virus/IMG_20230816_081247.jpg,Virus,Potato,train
Fungi/20230802_113011.jpg,Fungi,Potato,train
Bacteria/20230816_140718.jpg,Bacteria,Potato,train
Healthy/20230922_155846.jpg,Healthy,Potato,train
Virus/20230815_112817.jpg,Virus,Potato,train
Pest/IMG_0797.JPG,Pest,Potato,train
Healthy/20230712_143913.jpg,Healthy,Potato,train
Bacteria/IMG_1040.JPG,Bacteria,Potato,train
Fungi/IMG_0869.JPG,Fungi,Potato,train
Pest/20230712_144547.jpg,Pest,Potato,train
Pest/20230802_120008542.jpg,Pest,Potato,train
Healthy/20230815_121223.jpg,Healthy,Potato,train
Nematode/IMG_20230815_114341~2.jpg,Nematode,Potato,train
Pest/20230802_115856088.jpg,Pest,Potato,train
Fungi/20230802_111537860.jpg,Fungi,Potato,train
Healthy/20230815_122517.jpg,Healthy,Potato,train
Virus/20230815_113102.jpg,Virus,Potato,train
Phytopthora/IMG_0349.JPG,Phytopthora,Potato,train
Bacteria/IMG_1251.JPG,Bacteria,Potato,train
Fungi/IMG_9481.JPG,Fungi,Potato,train
Pest/IMG_0160.JPG,Pest,Potato,train
Pest/20230712_114335.jpg,Pest,Potato,train
Nematode/20230815_122851.jpg,Nematode,Potato,train
Pest/20230712_130852.jpg,Pest,Potato,train
Phytopthora/20230802_124624.jpg,Phytopthora,Potato,train
Fungi/IMG_0279.JPG,Fungi,Potato,train
Fungi/IMG_20230815_113207~2.jpg,Fungi,Potato,train
Pest/IMG_0206 (1).JPG,Pest,Potato,train
Fungi/IMG_20230816_122348.jpg,Fungi,Potato,train
Bacteria/IMG_0360.JPG,Bacteria,Potato,train
Pest/20230712_114942.jpg,Pest,Potato,train
Fungi/20230712_155536.jpg,Fungi,Potato,train
Healthy/20230712_121645.jpg,Healthy,Potato,train
Fungi/IMG_20230815_113227~2.jpg,Fungi,Potato,train
Phytopthora/IMG_9430.JPG,Phytopthora,Potato,train
Pest/20230802_120143907.jpg,Pest,Potato,train
Fungi/20230816_140042.jpg,Fungi,Potato,train
Virus/20230802_115626.jpg,Virus,Potato,train
Bacteria/IMG_0371.JPG,Bacteria,Potato,train
Virus/IMG_1105.JPG,Virus,Potato,train
Fungi/1692339473815.jpg,Fungi,Potato,train
Bacteria/20230815_122422.jpg,Bacteria,Potato,train
Bacteria/20230816_135143.jpg,Bacteria,Potato,train
Virus/IMG_0413.JPG,Virus,Potato,train
Pest/IMG_8137.JPG,Pest,Potato,train
Virus/20230802_120041.jpg,Virus,Potato,train
Bacteria/20230816_134702.jpg,Bacteria,Potato,train
Virus/IMG_0999.JPG,Virus,Potato,train
Phytopthora/20230802_124852301.jpg,Phytopthora,Potato,train
Virus/20230816_114050.jpg,Virus,Potato,train
Bacteria/IMG_0348.JPG,Bacteria,Potato,train
Virus/20230802_120700.jpg,Virus,Potato,train
Virus/IMG_0840.JPG,Virus,Potato,train
Nematode/20230712_154713.jpg,Nematode,Potato,train
Phytopthora/IMG_9519.JPG,Phytopthora,Potato,train
Bacteria/20230816_142507.jpg,Bacteria,Potato,train
Pest/20230712_115056.jpg,Pest,Potato,train
Virus/IMG_1057.JPG,Virus,Potato,train
Bacteria/20230816_142227.jpg,Bacteria,Potato,train
Virus/IMG_0394.JPG,Virus,Potato,train
Phytopthora/20230802_123736.jpg,Phytopthora,Potato,train
Virus/20230815_121837.jpg,Virus,Potato,train
Pest/IMG_8321.JPG,Pest,Potato,train
Virus/IMG_20230815_152645_Burst01.jpg,Virus,Potato,train
Pest/IMG_0204.JPG,Pest,Potato,train
Fungi/20230802_110949476.jpg,Fungi,Potato,train
Pest/20230802_105425218.jpg,Pest,Potato,train
Pest/20230922_163504.jpg,Pest,Potato,train
Phytopthora/IMG_8290.JPG,Phytopthora,Potato,train
Fungi/IMG_20230816_121122.jpg,Fungi,Potato,train
Pest/IMG_1110.JPG,Pest,Potato,train
Phytopthora/IMG_20230816_122247.jpg,Phytopthora,Potato,train
Pest/20230802_125430.jpg,Pest,Potato,train
Fungi/IMG_0249.JPG,Fungi,Potato,train
Phytopthora/IMG_0261 - Copy.JPG,Phytopthora,Potato,train
Fungi/20230816_143114.jpg,Fungi,Potato,train
Bacteria/IMG_1186.JPG,Bacteria,Potato,train
Virus/IMG_0311 (1).JPG,Virus,Potato,train
Virus/20230816_122540.jpg,Virus,Potato,train
Pest/IMG_4724.JPG,Pest,Potato,train
Bacteria/20230815_111852.jpg,Bacteria,Potato,train
Fungi/20230816_123332.jpg,Fungi,Potato,train
Bacteria/IMG_1009.JPG,Bacteria,Potato,train
Virus/20230802_120703.jpg,Virus,Potato,train
Virus/IMG_0264 - Copy.JPG,Virus,Potato,train
Virus/IMG_0978.JPG,Virus,Potato,train
Virus/20230815_145104.jpg,Virus,Potato,train
Bacteria/20230816_142635.jpg,Bacteria,Potato,train
Pest/20230712_154059.jpg,Pest,Potato,train
Nematode/20230816_090814.jpg,Nematode,Potato,train
Virus/20230802_115635.jpg,Virus,Potato,train
Fungi/20230712_150330.jpg,Fungi,Potato,train
Virus/20230815_151633.jpg,Virus,Potato,train
Pest/IMG_20230816_141245.jpg,Pest,Potato,train
Pest/20230712_122404.jpg,Pest,Potato,train
Bacteria/20230816_141225.jpg,Bacteria,Potato,train
Fungi/1692333631883.jpg,Fungi,Potato,train
Bacteria/20230816_135447.jpg,Bacteria,Potato,train
Pest/IMG_20230816_140933~2.jpg,Pest,Potato,train
Virus/20230816_113837.jpg,Virus,Potato,train
Pest/1692336759099.jpg,Pest,Potato,train
Pest/20230802_112758979.jpg,Pest,Potato,train
Bacteria/20230816_142820.jpg,Bacteria,Potato,train
Pest/IMG_20230816_143114.jpg,Pest,Potato,train
Fungi/20230816_083119.jpg,Fungi,Potato,train
Phytopthora/IMG_9425.JPG,Phytopthora,Potato,train
Virus/20230815_120324.jpg,Virus,Potato,train
Virus/20230816_113041.jpg,Virus,Potato,train
Virus/20230816_123332.jpg,Virus,Potato,train
Virus/IMG_9546.JPG,Virus,Potato,train
Bacteria/IMG_0905.JPG,Bacteria,Potato,train
Fungi/1692334247401.jpg,Fungi,Potato,train
Phytopthora/IMG_0388.JPG,Phytopthora,Potato,train
Fungi/IMG_20230816_121402.jpg,Fungi,Potato,train
Pest/20230712_143935.jpg,Pest,Potato,train
Bacteria/IMG_0922.JPG,Bacteria,Potato,train
Fungi/20230816_122009.jpg,Fungi,Potato,train
Pest/IMG_20230815_115520~2.jpg,Pest,Potato,train
Fungi/IMG_9411.JPG,Fungi,Potato,train
Bacteria/IMG_1244.JPG,Bacteria,Potato,train
Virus/IMG_0505.JPG,Virus,Potato,train
Healthy/20230815_122522.jpg,Healthy,Potato,train
Healthy/IMG_4696.JPG,Healthy,Potato,train
Virus/IMG_0434.JPG,Virus,Potato,train
Virus/20230816_144150.jpg,Virus,Potato,train
Pest/IMG_20230816_141334.jpg,Pest,Potato,train
Phytopthora/20230802_123716813.jpg,Phytopthora,Potato,train
Phytopthora/20230802_124605422.jpg,Phytopthora,Potato,train
Virus/20230816_120852.jpg,Virus,Potato,train
Fungi/IMG_20230816_114322~2.jpg,Fungi,Potato,train
Virus/20230815_151836.jpg,Virus,Potato,train
Bacteria/20230816_141411.jpg,Bacteria,Potato,train
Healthy/20230922_155425.jpg,Healthy,Potato,train
Bacteria/20230816_140018.jpg,Bacteria,Potato,train
Pest/1692336758609.jpg,Pest,Potato,train
Fungi/IMG_0251.JPG,Fungi,Potato,train
Nematode/20230712_120750.jpg,Nematode,Potato,train
Bacteria/20230816_140044.jpg,Bacteria,Potato,train
Phytopthora/IMG_0332.JPG,Phytopthora,Potato,train
Fungi/IMG_20230816_122456.jpg,Fungi,Potato,train
Virus/20230815_113616.jpg,Virus,Potato,train
Fungi/IMG_0154.JPG,Fungi,Potato,train
Bacteria/IMG_0325.JPG,Bacteria,Potato,train
Healthy/IMG_20230815_152320.jpg,Healthy,Potato,train
Pest/IMG_0296.JPG,Pest,Potato,train
Fungi/20230815_112323.jpg,Fungi,Potato,train
Fungi/IMG_20230815_150341.jpg,Fungi,Potato,train
Virus/IMG_0514.JPG,Virus,Potato,train
Fungi/IMG_0162.JPG,Fungi,Potato,train
Fungi/1692334247364.jpg,Fungi,Potato,train
Fungi/20230815_113151.jpg,Fungi,Potato,train
Pest/IMG_8297.JPG,Pest,Potato,train
Pest/1692338650566.jpg,Pest,Potato,train
Phytopthora/20230802_124543.jpg,Phytopthora,Potato,train
Pest/IMG_20230816_140606~2.jpg,Pest,Potato,train
Pest/20230712_121301.jpg,Pest,Potato,train
Virus/20230815_112801.jpg,Virus,Potato,train
Healthy/20230712_121645 (1).jpg,Healthy,Potato,train
Fungi/20230815_122648.jpg,Fungi,Potato,train
Fungi/1692334247300.jpg,Fungi,Potato,train
Virus/IMG_1053.JPG,Virus,Potato,train
Fungi/IMG_0275.JPG,Fungi,Potato,train
Virus/IMG_0493.JPG,Virus,Potato,train
Fungi/IMG_0145.JPG,Fungi,Potato,train
Bacteria/IMG_1100.JPG,Bacteria,Potato,train
Fungi/IMG_0157.JPG,Fungi,Potato,train
Virus/IMG_8228.JPG,Virus,Potato,train
Phytopthora/IMG_20230816_075617.jpg,Phytopthora,Potato,train
Phytopthora/IMG_0383.JPG,Phytopthora,Potato,train
Healthy/20230712_131253.jpg,Healthy,Potato,train
Fungi/20230712_114543.jpg,Fungi,Potato,train
Healthy/20230802_115921170.jpg,Healthy,Potato,train
Pest/IMG_8329.JPG,Pest,Potato,train
Virus/20230815_112614.jpg,Virus,Potato,train
Phytopthora/IMG_8080.JPG,Phytopthora,Potato,train
Fungi/IMG_20230815_114308~2.jpg,Fungi,Potato,train
Pest/20230712_145948.jpg,Pest,Potato,train
Virus/20230816_113030.jpg,Virus,Potato,train
Phytopthora/1692336759084.jpg,Phytopthora,Potato,train
Bacteria/20230816_134537.jpg,Bacteria,Potato,train
Pest/IMG_4761.JPG,Pest,Potato,train
Phytopthora/IMG_0337.JPG,Phytopthora,Potato,train
Phytopthora/20230802_124643.jpg,Phytopthora,Potato,train
Bacteria/20230816_135938.jpg,Bacteria,Potato,train
Pest/20230802_115710981.jpg,Pest,Potato,train
Pest/20230802_120511035.jpg,Pest,Potato,train
Bacteria/IMG_1138.JPG,Bacteria,Potato,train
Virus/IMG_0454.JPG,Virus,Potato,train
Bacteria/IMG_0363.JPG,Bacteria,Potato,train
Fungi/IMG_20230816_112407.jpg,Fungi,Potato,train
Fungi/IMG_0774.JPG,Fungi,Potato,train
Fungi/IMG_20230816_121041.jpg,Fungi,Potato,train
Pest/IMG_20230816_141013.jpg,Pest,Potato,train
Virus/IMG_0861.JPG,Virus,Potato,train
Healthy/20230816_121149.jpg,Healthy,Potato,train
Bacteria/IMG_1014.JPG,Bacteria,Potato,train
Virus/IMG_8226.JPG,Virus,Potato,train
Phytopthora/20230712_155047.jpg,Phytopthora,Potato,train
Phytopthora/IMG_9517 (1).JPG,Phytopthora,Potato,train
Pest/20230922_163845.jpg,Pest,Potato,train
Bacteria/IMG_1006.JPG,Bacteria,Potato,train
Pest/IMG_20230816_134419~2.jpg,Pest,Potato,train
Bacteria/20230816_142356.jpg,Bacteria,Potato,train
Fungi/20230802_124340.jpg,Fungi,Potato,train
Fungi/1692335403577.jpg,Fungi,Potato,train
Healthy/20230712_120306.jpg,Healthy,Potato,train
Phytopthora/IMG_0389.JPG,Phytopthora,Potato,train
Fungi/IMG_20230815_115746~2.jpg,Fungi,Potato,train
Pest/IMG_20230816_123049.jpg,Pest,Potato,train
Fungi/20230712_115151.jpg,Fungi,Potato,train
Fungi/20230815_113141.jpg,Fungi,Potato,train
Phytopthora/20230802_125538.jpg,Phytopthora,Potato,train
Pest/1692338650304.jpg,Pest,Potato,train
Phytopthora/IMG_8124.JPG,Phytopthora,Potato,train
Pest/IMG_0855.JPG,Pest,Potato,train
Pest/20230712_124201.jpg,Pest,Potato,train
Fungi/20230802_124619.jpg,Fungi,Potato,train
Bacteria/IMG_1116.JPG,Bacteria,Potato,train
Bacteria/20230816_120932.jpg,Bacteria,Potato,train
Bacteria/20230816_141507.jpg,Bacteria,Potato,train
Phytopthora/IMG_9539.JPG,Phytopthora,Potato,train
Healthy/20230712_131215.jpg,Healthy,Potato,train
Bacteria/IMG_0904.JPG,Bacteria,Potato,train
Healthy/20230712_130814.jpg,Healthy,Potato,train
Virus/20230815_113727.jpg,Virus,Potato,train
Pest/20230802_110248604.jpg,Pest,Potato,train
Fungi/IMG_0708.JPG,Fungi,Potato,train
Virus/IMG_1265.JPG,Virus,Potato,train
Virus/1692336758600.jpg,Virus,Potato,train
Pest/IMG_4831.JPG,Pest,Potato,train
Pest/IMG_1256.JPG,Pest,Potato,train
Phytopthora/IMG_0367.JPG,Phytopthora,Potato,train
Fungi/IMG_0150.JPG,Fungi,Potato,train
Healthy/20230712_124019.jpg,Healthy,Potato,train
Virus/IMG_0984.JPG,Virus,Potato,train
Pest/IMG_20230816_142939.jpg,Pest,Potato,train
Virus/IMG_1120.JPG,Virus,Potato,train
Bacteria/IMG_1023.JPG,Bacteria,Potato,train
Fungi/20230802_105558.jpg,Fungi,Potato,train
Bacteria/IMG_0368.JPG,Bacteria,Potato,train
Pest/IMG_8095.JPG,Pest,Potato,train
Pest/1692334247071.jpg,Pest,Potato,train
Nematode/IMG_0302.JPG,Nematode,Potato,train
Virus/IMG_0617.JPG,Virus,Potato,train
Pest/IMG_0228.JPG,Pest,Potato,train
Healthy/20230816_115114.jpg,Healthy,Potato,train
Phytopthora/IMG_20230816_121440.jpg,Phytopthora,Potato,train
Bacteria/20230816_135226.jpg,Bacteria,Potato,train
Pest/IMG_0123.JPG,Pest,Potato,train
Fungi/1692334247280.jpg,Fungi,Potato,train
Virus/20230815_112410.jpg,Virus,Potato,train
Bacteria/20230815_113917.jpg,Bacteria,Potato,train
Bacteria/20230816_141106.jpg,Bacteria,Potato,train
Fungi/20230802_110758.jpg,Fungi,Potato,train
Bacteria/IMG_1092.JPG,Bacteria,Potato,train
Bacteria/20230816_142718.jpg,Bacteria,Potato,train
Fungi/20230712_155954.jpg,Fungi,Potato,train
Virus/20230816_112941.jpg,Virus,Potato,train
Fungi/IMG_0868.JPG,Fungi,Potato,train
Virus/20230815_121347.jpg,Virus,Potato,train
Virus/IMG_8192.JPG,Virus,Potato,train
Bacteria/IMG_1202.JPG,Bacteria,Potato,train
Bacteria/IMG_1185.JPG,Bacteria,Potato,train
Virus/20230815_151538.jpg,Virus,Potato,train
Virus/IMG_0449.JPG,Virus,Potato,train
Bacteria/20230816_135116.jpg,Bacteria,Potato,train
Virus/IMG_0461.JPG,Virus,Potato,train
Fungi/1692336758688.jpg,Fungi,Potato,train
Bacteria/1692335403904.jpg,Bacteria,Potato,train
Fungi/IMG_4682.JPG,Fungi,Potato,train
Bacteria/20230816_120931.jpg,Bacteria,Potato,train
Virus/20230816_113924.jpg,Virus,Potato,train
Phytopthora/IMG_20230816_080859.jpg,Phytopthora,Potato,train
Pest/IMG_20230816_143059.jpg,Pest,Potato,train
Fungi/IMG_9429.JPG,Fungi,Potato,train
Bacteria/20230816_140010.jpg,Bacteria,Potato,train
Pest/20230802_115803802.jpg,Pest,Potato,train
Pest/20230922_163443.jpg,Pest,Potato,train
Phytopthora/IMG_9402.JPG,Phytopthora,Potato,train
Virus/IMG_1073.JPG,Virus,Potato,train
Fungi/20230802_113031.jpg,Fungi,Potato,train
Bacteria/IMG_1236.JPG,Bacteria,Potato,train
Phytopthora/20230802_124902.jpg,Phytopthora,Potato,train
Fungi/IMG_20230816_120944.jpg,Fungi,Potato,train
Virus/IMG_20230815_112603~2.jpg,Virus,Potato,train
Pest/IMG_0321.JPG,Pest,Potato,train
Healthy/20230712_154114.jpg,Healthy,Potato,train
Fungi/IMG_9370.JPG,Fungi,Potato,train
Pest/20230802_115655.jpg,Pest,Potato,train
Phytopthora/20230802_123759725.jpg,Phytopthora,Potato,train
Pest/1692334247132.jpg,Pest,Potato,train
Healthy/20230816_121602.jpg,Healthy,Potato,train
Virus/IMG_0312.JPG,Virus,Potato,train
Pest/20230802_113227919.jpg,Pest,Potato,train
Pest/IMG_4726.JPG,Pest,Potato,train
Pest/IMG_20230816_122742.jpg,Pest,Potato,train
Phytopthora/20230802_124622.jpg,Phytopthora,Potato,train
Phytopthora/IMG_20230816_081651.jpg,Phytopthora,Potato,train
Healthy/20230802_130212.jpg,Healthy,Potato,train
Pest/20230712_154337.jpg,Pest,Potato,train
Bacteria/20230816_135156.jpg,Bacteria,Potato,train
Fungi/IMG_9392.JPG,Fungi,Potato,train
Virus/IMG_0651.JPG,Virus,Potato,train
Virus/IMG_0819.JPG,Virus,Potato,train
Virus/IMG_0506.JPG,Virus,Potato,train
Bacteria/IMG_0944.JPG,Bacteria,Potato,train
Bacteria/IMG_1113.JPG,Bacteria,Potato,train
Pest/20230922_163831.jpg,Pest,Potato,train
Pest/20230712_154041.jpg,Pest,Potato,train
Healthy/20230712_130618.jpg,Healthy,Potato,train
Pest/20230922_163736.jpg,Pest,Potato,train
Pest/IMG_0932.JPG,Pest,Potato,train
Fungi/1692335403778.jpg,Fungi,Potato,train
Pest/IMG_20230816_141325.jpg,Pest,Potato,train
Pest/IMG_4721.JPG,Pest,Potato,train
Phytopthora/20230802_124734789.jpg,Phytopthora,Potato,train
Virus/IMG_0309.JPG,Virus,Potato,train
Pest/20230816_085819.jpg,Pest,Potato,train
Fungi/IMG_20230815_112512~2.jpg,Fungi,Potato,train
Pest/20230922_163615.jpg,Pest,Potato,train
Fungi/IMG_20230816_090841.jpg,Fungi,Potato,train
Phytopthora/20230802_124004.jpg,Phytopthora,Potato,train
Fungi/IMG_9467.JPG,Fungi,Potato,train
Pest/IMG_20230816_135923.jpg,Pest,Potato,train
Bacteria/IMG_0833.JPG,Bacteria,Potato,train
Healthy/20230816_121559.jpg,Healthy,Potato,train
Phytopthora/IMG_0354.JPG,Phytopthora,Potato,train
Fungi/20230712_153941.jpg,Fungi,Potato,train
Pest/IMG_0278.JPG,Pest,Potato,train
Fungi/IMG_0667.JPG,Fungi,Potato,train
Pest/IMG_0253 - Copy.JPG,Pest,Potato,train
Phytopthora/IMG_4693.JPG,Phytopthora,Potato,train
Virus/20230712_132819.jpg,Virus,Potato,train
Virus/20230802_124113.jpg,Virus,Potato,train
Fungi/20230815_111640.jpg,Fungi,Potato,train
Fungi/IMG_4705.JPG,Fungi,Potato,train
Nematode/20230712_154725.jpg,Nematode,Potato,train
Bacteria/IMG_1115.JPG,Bacteria,Potato,train
Bacteria/IMG_0921.JPG,Bacteria,Potato,train
Nematode/20230712_154559.jpg,Nematode,Potato,train
Virus/20230816_113955.jpg,Virus,Potato,train
Fungi/IMG_20230815_120043~2.jpg,Fungi,Potato,train
Pest/IMG_0304.JPG,Pest,Potato,train
Pest/20230712_124453.jpg,Pest,Potato,train
Bacteria/20230816_142418.jpg,Bacteria,Potato,train
Pest/IMG_0179.JPG,Pest,Potato,train
Virus/20230815_152853.jpg,Virus,Potato,train
Pest/20230802_115353.jpg,Pest,Potato,train
Pest/IMG_0201.JPG,Pest,Potato,train
Healthy/20230712_144356.jpg,Healthy,Potato,train
Phytopthora/IMG_9512 (1).JPG,Phytopthora,Potato,train
Bacteria/IMG_0923.JPG,Bacteria,Potato,train
Bacteria/20230816_135107.jpg,Bacteria,Potato,train
Pest/20230922_163528.jpg,Pest,Potato,train
Fungi/1692334247704.jpg,Fungi,Potato,train
Virus/20230802_115620.jpg,Virus,Potato,train
Virus/IMG_8207.JPG,Virus,Potato,train
Pest/IMG_0230.JPG,Pest,Potato,train
Pest/IMG_0396.JPG,Pest,Potato,train
Bacteria/20230816_140515.jpg,Bacteria,Potato,train
Virus/20230816_115118.jpg,Virus,Potato,train
Pest/IMG_4744.JPG,Pest,Potato,train
Pest/20230712_122340.jpg,Pest,Potato,train
Pest/20230802_121126801.jpg,Pest,Potato,train
Pest/20230802_115958308.jpg,Pest,Potato,train
Fungi/IMG_4676.JPG,Fungi,Potato,train
Bacteria/20230815_113516.jpg,Bacteria,Potato,train
Pest/IMG_0198.JPG,Pest,Potato,train
Virus/20230815_150500.jpg,Virus,Potato,train
Fungi/20230802_105900.jpg,Fungi,Potato,train
Pest/IMG_20230816_142904.jpg,Pest,Potato,train
Pest/20230816_135244.jpg,Pest,Potato,train
Healthy/20230712_124945.jpg,Healthy,Potato,train
Virus/20230816_115016.jpg,Virus,Potato,train
Pest/IMG_20230816_141029.jpg,Pest,Potato,train
Virus/20230815_112644.jpg,Virus,Potato,train
Bacteria/IMG_1225.JPG,Bacteria,Potato,train
Fungi/IMG_4810.JPG,Fungi,Potato,train
Bacteria/IMG_1114.JPG,Bacteria,Potato,train
Nematode/20230815_123026.jpg,Nematode,Potato,train
Bacteria/IMG_0327.JPG,Bacteria,Potato,train
Bacteria/IMG_1155.JPG,Bacteria,Potato,train
Pest/20230712_153639.jpg,Pest,Potato,train
Bacteria/IMG_0355.JPG,Bacteria,Potato,train
Phytopthora/IMG_0290 - Copy.JPG,Phytopthora,Potato,train
Phytopthora/20230802_123430.jpg,Phytopthora,Potato,train
Pest/20230712_133047.jpg,Pest,Potato,train
Fungi/IMG_9445.JPG,Fungi,Potato,train
Fungi/IMG_0727.JPG,Fungi,Potato,train
Fungi/IMG_4736.JPG,Fungi,Potato,train
Virus/20230815_114235.jpg,Virus,Potato,train
Fungi/IMG_9469.JPG,Fungi,Potato,train
Phytopthora/20230802_123732806.jpg,Phytopthora,Potato,train
Virus/IMG_0407.JPG,Virus,Potato,train
Pest/IMG_20230816_141821.jpg,Pest,Potato,train
Fungi/1692335403766.jpg,Fungi,Potato,train
Pest/20230712_123334.jpg,Pest,Potato,train
Fungi/1692334247328.jpg,Fungi,Potato,train
Bacteria/20230816_134725.jpg,Bacteria,Potato,train
Fungi/IMG_0872.JPG,Fungi,Potato,train
Pest/20230712_124311.jpg,Pest,Potato,train
Virus/20230816_113206.jpg,Virus,Potato,train
Virus/IMG_8194.JPG,Virus,Potato,train
Fungi/20230802_111100.jpg,Fungi,Potato,train
Bacteria/IMG_1237.JPG,Bacteria,Potato,train
Bacteria/IMG_1249.JPG,Bacteria,Potato,train
Virus/IMG_8208.JPG,Virus,Potato,train
Healthy/20230802_124831.jpg,Healthy,Potato,train
Virus/20230815_150450.jpg,Virus,Potato,train
Virus/20230815_151144.jpg,Virus,Potato,train
Fungi/IMG_0148.JPG,Fungi,Potato,train
Phytopthora/IMG_9439 (1).JPG,Phytopthora,Potato,train
Pest/IMG_0862.JPG,Pest,Potato,train
Bacteria/IMG_1070.JPG,Bacteria,Potato,train
Phytopthora/IMG_9566.JPG,Phytopthora,Potato,train
Pest/IMG_20230816_134419.jpg,Pest,Potato,train
Nematode/IMG_20230815_150824~2.jpg,Nematode,Potato,train
Healthy/IMG_20230816_085637 (1).jpg,Healthy,Potato,train
Fungi/1692335403406.jpg,Fungi,Potato,train
Phytopthora/IMG_0296 - Copy.JPG,Phytopthora,Potato,train
Virus/20230802_120044.jpg,Virus,Potato,train
Fungi/20230816_121002.jpg,Fungi,Potato,train
Fungi/IMG_8127.JPG,Fungi,Potato,train
Fungi/IMG_4800.JPG,Fungi,Potato,train
Fungi/20230802_105407.jpg,Fungi,Potato,train
Phytopthora/20230712_154232.jpg,Phytopthora,Potato,train
Healthy/20230802_112947115.jpg,Healthy,Potato,train
Virus/20230802_115629.jpg,Virus,Potato,train
Phytopthora/20230802_123635614.jpg,Phytopthora,Potato,train
Fungi/IMG_0281.JPG,Fungi,Potato,train
Virus/20230815_150906.jpg,Virus,Potato,train
Phytopthora/IMG_9508.JPG,Phytopthora,Potato,train
Virus/20230802_120721.jpg,Virus,Potato,train
Fungi/IMG_20230816_122631~2.jpg,Fungi,Potato,train
Fungi/IMG_0147.JPG,Fungi,Potato,train
Healthy/20230712_143916.jpg,Healthy,Potato,train
Virus/IMG_0653.JPG,Virus,Potato,train
Pest/20230802_115132228.jpg,Pest,Potato,train
Bacteria/IMG_1031.JPG,Bacteria,Potato,train
Fungi/IMG_9395.JPG,Fungi,Potato,train
Pest/20230712_115043.jpg,Pest,Potato,train
Fungi/IMG_20230816_122916.jpg,Fungi,Potato,train
Pest/IMG_0299.JPG,Pest,Potato,train
Pest/1692333632301.jpg,Pest,Potato,train
Virus/20230815_150534.jpg,Virus,Potato,train
Bacteria/20230815_122507.jpg,Bacteria,Potato,train
Virus/IMG_0621.JPG,Virus,Potato,train
Pest/1692338650721.jpg,Pest,Potato,train
Virus/20230815_151722.jpg,Virus,Potato,train
Pest/1692334247225.jpg,Pest,Potato,train
Fungi/IMG_0227.JPG,Fungi,Potato,train
Pest/IMG_20230815_111722~2.jpg,Pest,Potato,train
Pest/20230802_115546172.jpg,Pest,Potato,train
Healthy/20230816_083748.jpg,Healthy,Potato,train
Fungi/IMG_20230815_121241~2.jpg,Fungi,Potato,train
Fungi/IMG_20230815_120840~2.jpg,Fungi,Potato,train
Pest/20230802_120119897.jpg,Pest,Potato,train
Bacteria/20230816_134251.jpg,Bacteria,Potato,train
Phytopthora/IMG_9463.JPG,Phytopthora,Potato,train
Pest/IMG_4765.JPG,Pest,Potato,train
Bacteria/20230816_140639.jpg,Bacteria,Potato,train
Phytopthora/IMG_9567.JPG,Phytopthora,Potato,train
Phytopthora/IMG_0256 - Copy.JPG,Phytopthora,Potato,train
Bacteria/20230816_134541.jpg,Bacteria,Potato,train
Pest/20230922_163520.jpg,Pest,Potato,train
Fungi/20230816_122519.jpg,Fungi,Potato,train
Virus/IMG_0626.JPG,Virus,Potato,train
Pest/IMG_4830.JPG,Pest,Potato,train
Virus/IMG_0789.JPG,Virus,Potato,train
Phytopthora/IMG_9430 (1).JPG,Phytopthora,Potato,train
Bacteria/IMG_1111.JPG,Bacteria,Potato,train
Phytopthora/20230802_130028.jpg,Phytopthora,Potato,train
Nematode/20230815_152953.jpg,Nematode,Potato,train
Bacteria/20230816_134527.jpg,Bacteria,Potato,train
Virus/20230815_112609.jpg,Virus,Potato,train
Phytopthora/IMG_9524.JPG,Phytopthora,Potato,train
Fungi/20230802_111715.jpg,Fungi,Potato,train
Virus/20230815_152957.jpg,Virus,Potato,train
Fungi/20230802_110338.jpg,Fungi,Potato,train
Phytopthora/20230802_123755.jpg,Phytopthora,Potato,train
Fungi/20230712_150159.jpg,Fungi,Potato,train
Fungi/IMG_20230815_122340~2(1).jpg,Fungi,Potato,train
Phytopthora/20230802_123726.jpg,Phytopthora,Potato,train
Pest/20230712_114353.jpg,Pest,Potato,train
Virus/20230816_145815.jpg,Virus,Potato,train
Bacteria/IMG_1157.JPG,Bacteria,Potato,train
Bacteria/IMG_1043.JPG,Bacteria,Potato,train
Virus/IMG_0630.JPG,Virus,Potato,train
Pest/1692333632203.jpg,Pest,Potato,train
Fungi/IMG_0280.JPG,Fungi,Potato,train
Bacteria/IMG_1165.JPG,Bacteria,Potato,train
Fungi/IMG_0870.JPG,Fungi,Potato,train
Virus/IMG_0395.JPG,Virus,Potato,train
Phytopthora/20230802_124741.jpg,Phytopthora,Potato,train
Bacteria/IMG_0732.JPG,Bacteria,Potato,train
Virus/IMG_0485.JPG,Virus,Potato,train
Fungi/IMG_9406.JPG,Fungi,Potato,train
Fungi/IMG_20230816_122029.jpg,Fungi,Potato,train
Fungi/IMG_0286.JPG,Fungi,Potato,train
Fungi/IMG_9452.JPG,Fungi,Potato,train
Fungi/IMG_20230816_113919.jpg,Fungi,Potato,train
Pest/IMG_0285.JPG,Pest,Potato,train
Pest/20230802_110817804.jpg,Pest,Potato,train
Fungi/20230816_122721.jpg,Fungi,Potato,train
Pest/20230802_115611973.jpg,Pest,Potato,train
Bacteria/IMG_1217.JPG,Bacteria,Potato,train
Healthy/20230802_124829.jpg,Healthy,Potato,train
Fungi/20230712_114552.jpg,Fungi,Potato,train
Fungi/IMG_0669.JPG,Fungi,Potato,train
Phytopthora/IMG_9561.JPG,Phytopthora,Potato,train
Virus/20230815_154044.jpg,Virus,Potato,train
Virus/20230815_145626.jpg,Virus,Potato,train
Fungi/IMG_4753.JPG,Fungi,Potato,train
Pest/20230712_150348.jpg,Pest,Potato,train
Pest/IMG_8098.JPG,Pest,Potato,train
Virus/IMG_9528.JPG,Virus,Potato,train
Virus/IMG_0649.JPG,Virus,Potato,train
Fungi/20230712_155134.jpg,Fungi,Potato,train
Phytopthora/IMG_0345 - Copy.JPG,Phytopthora,Potato,train
Fungi/IMG_20230816_115540.jpg,Fungi,Potato,train
Bacteria/20230816_134507.jpg,Bacteria,Potato,train
Pest/IMG_8136.JPG,Pest,Potato,train
Bacteria/20230816_134302.jpg,Bacteria,Potato,train
Fungi/IMG_20230815_114555~2.jpg,Fungi,Potato,train
Bacteria/20230816_141036.jpg,Bacteria,Potato,train
Fungi/1692334247696.jpg,Fungi,Potato,train
Virus/IMG_1059.JPG,Virus,Potato,train
Pest/20230802_104911728.jpg,Pest,Potato,train
Virus/IMG_0787.JPG,Virus,Potato,train
Pest/20230712_150313.jpg,Pest,Potato,train
Pest/20230922_163745.jpg,Pest,Potato,train
Virus/IMG_0250.JPG,Virus,Potato,train
Bacteria/IMG_1250.JPG,Bacteria,Potato,train
Pest/1692332350409.jpg,Pest,Potato,train
Fungi/IMG_9375.JPG,Fungi,Potato,train
Pest/20230802_112805894.jpg,Pest,Potato,train
Fungi/IMG_8152.JPG,Fungi,Potato,train
Pest/20230802_125947.jpg,Pest,Potato,train
Virus/IMG_0490.JPG,Virus,Potato,train
Bacteria/IMG_20230816_140620.jpg,Bacteria,Potato,train
Bacteria/IMG_0943.JPG,Bacteria,Potato,train
Fungi/IMG_9394.JPG,Fungi,Potato,train
Virus/20230816_115033.jpg,Virus,Potato,train
Phytopthora/20230802_124108005.jpg,Phytopthora,Potato,train
Fungi/IMG_0954.JPG,Fungi,Potato,train
Fungi/IMG_0790.JPG,Fungi,Potato,train
Virus/IMG_0933.JPG,Virus,Potato,train
Fungi/IMG_20230816_113939~2.jpg,Fungi,Potato,train
Virus/IMG_0603.JPG,Virus,Potato,train
Fungi/IMG_4685.JPG,Fungi,Potato,train
Pest/20230802_112436363.jpg,Pest,Potato,train
Bacteria/IMG_0357.JPG,Bacteria,Potato,train
Healthy/20230712_130703.jpg,Healthy,Potato,train
Fungi/20230816_143423.jpg,Fungi,Potato,train
Fungi/1692334247321.jpg,Fungi,Potato,train
Healthy/20230802_120336970.jpg,Healthy,Potato,train
Virus/20230815_145815.jpg,Virus,Potato,train
Pest/20230802_120048127.jpg,Pest,Potato,train
Virus/20230712_132401.jpg,Virus,Potato,train
Virus/IMG_9547.JPG,Virus,Potato,train
Virus/IMG_20230815_150415.jpg,Virus,Potato,train
Pest/20230802_120801487.jpg,Pest,Potato,train
Pest/IMG_0349 - Copy.JPG,Pest,Potato,train
Pest/IMG_0205 (1).JPG,Pest,Potato,train
Fungi/IMG_0403 (1).JPG,Fungi,Potato,train
Virus/IMG_0249.JPG,Virus,Potato,train
Pest/20230712_122134.jpg,Pest,Potato,train
Phytopthora/IMG_9514.JPG,Phytopthora,Potato,train
Fungi/IMG_4762.JPG,Fungi,Potato,train
Fungi/IMG_9438.JPG,Fungi,Potato,train
Healthy/20230802_115928713.jpg,Healthy,Potato,train
Phytopthora/20230816_121945.jpg,Phytopthora,Potato,train
Nematode/IMG_8331.JPG,Nematode,Potato,train
Fungi/20230712_123048.jpg,Fungi,Potato,train
Pest/IMG_20230816_141609.jpg,Pest,Potato,train
Phytopthora/IMG_0294 - Copy.JPG,Phytopthora,Potato,train
Phytopthora/IMG_0390.JPG,Phytopthora,Potato,train
Virus/IMG_0652.JPG,Virus,Potato,train
Healthy/20230816_081755.jpg,Healthy,Potato,train
Bacteria/20230815_153546.jpg,Bacteria,Potato,train
Phytopthora/IMG_9531 (1).JPG,Phytopthora,Potato,train
Bacteria/20230816_134322.jpg,Bacteria,Potato,train
Phytopthora/IMG_4716.JPG,Phytopthora,Potato,train
Fungi/IMG_4674.JPG,Fungi,Potato,train
Pest/20230802_120043567.jpg,Pest,Potato,train
Phytopthora/20230802_125507.jpg,Phytopthora,Potato,train
Bacteria/20230816_141202.jpg,Bacteria,Potato,train
Bacteria/IMG_1034.JPG,Bacteria,Potato,train
Virus/20230816_113014.jpg,Virus,Potato,train
Pest/IMG_20230816_142801.jpg,Pest,Potato,train
Healthy/20230712_133031.jpg,Healthy,Potato,train
Pest/20230712_122053.jpg,Pest,Potato,train
Bacteria/20230815_113945.jpg,Bacteria,Potato,train
Fungi/20230816_122025.jpg,Fungi,Potato,train
Pest/20230712_124303.jpg,Pest,Potato,train
Fungi/20230802_110822.jpg,Fungi,Potato,train
Pest/IMG_4813.JPG,Pest,Potato,train
Phytopthora/IMG_9561 (1).JPG,Phytopthora,Potato,train
Healthy/IMG_0710.JPG,Healthy,Potato,train
Pest/20230802_115325.jpg,Pest,Potato,train
Pest/IMG_8270.JPG,Pest,Potato,train
Bacteria/20230816_120911.jpg,Bacteria,Potato,train
Virus/20230815_114425.jpg,Virus,Potato,train
Fungi/20230802_105613.jpg,Fungi,Potato,train
Phytopthora/20230802_105945.jpg,Phytopthora,Potato,train
Bacteria/20230816_123115.jpg,Bacteria,Potato,train
Bacteria/20230816_140525.jpg,Bacteria,Potato,train
Fungi/20230712_154633.jpg,Fungi,Potato,train
Bacteria/IMG_1083.JPG,Bacteria,Potato,train
Virus/1692335404669.jpg,Virus,Potato,train
Fungi/IMG_0204.JPG,Fungi,Potato,train
Pest/20230712_114249.jpg,Pest,Potato,train
Virus/20230816_145819.jpg,Virus,Potato,train
Phytopthora/20230802_125035887.jpg,Phytopthora,Potato,train
Phytopthora/20230802_124750970.jpg,Phytopthora,Potato,train
Fungi/IMG_4677.JPG,Fungi,Potato,train
Fungi/IMG_4781.JPG,Fungi,Potato,train
Bacteria/20230815_111818.jpg,Bacteria,Potato,train
Bacteria/20230816_134327.jpg,Bacteria,Potato,valid
Fungi/1692334247778.jpg,Fungi,Potato,valid
Bacteria/20230815_153557.jpg,Bacteria,Potato,valid
Fungi/IMG_20230815_121024~2.jpg,Fungi,Potato,valid
Bacteria/IMG_1172.JPG,Bacteria,Potato,valid
Bacteria/IMG_0318.JPG,Bacteria,Potato,valid
Healthy/IMG_20230815_120532~2.jpg,Healthy,Potato,valid
Fungi/1692334247745.jpg,Fungi,Potato,valid
Pest/20230712_115250.jpg,Pest,Potato,valid
Phytopthora/IMG_8146.JPG,Phytopthora,Potato,valid
Virus/IMG_9541.JPG,Virus,Potato,valid
Virus/20230712_133224.jpg,Virus,Potato,valid
Virus/20230816_114002.jpg,Virus,Potato,valid
Bacteria/20230815_111239.jpg,Bacteria,Potato,valid
Bacteria/IMG_1211.JPG,Bacteria,Potato,valid
Virus/IMG_0484.JPG,Virus,Potato,valid
Healthy/IMG_20230816_082347 (1).jpg,Healthy,Potato,valid
Pest/20230802_115340806.jpg,Pest,Potato,valid
Bacteria/20230816_140652.jpg,Bacteria,Potato,valid
Pest/1692334247052.jpg,Pest,Potato,valid
Virus/20230816_114447.jpg,Virus,Potato,valid
Bacteria/20230816_141511.jpg,Bacteria,Potato,valid
Virus/20230816_114456.jpg,Virus,Potato,valid
Fungi/IMG_0775.JPG,Fungi,Potato,valid
Bacteria/20230816_134325.jpg,Bacteria,Potato,valid
Fungi/1692335403726.jpg,Fungi,Potato,valid
Fungi/IMG_0777.JPG,Fungi,Potato,valid
Phytopthora/20230712_120436.jpg,Phytopthora,Potato,valid
Fungi/20230802_104815324.jpg,Fungi,Potato,valid
Fungi/IMG_0776.JPG,Fungi,Potato,valid
Pest/20230802_130334.jpg,Pest,Potato,valid
Healthy/IMG_0132.JPG,Healthy,Potato,valid
Healthy/20230815_144827.jpg,Healthy,Potato,valid
Bacteria/IMG_0907.JPG,Bacteria,Potato,valid
Virus/20230712_133340.jpg,Virus,Potato,valid
Bacteria/20230816_142558.jpg,Bacteria,Potato,valid
Virus/IMG_0993.JPG,Virus,Potato,valid
Pest/IMG_20230816_142937.jpg,Pest,Potato,valid
Pest/20230712_114721.jpg,Pest,Potato,valid
Fungi/1692332350480.jpg,Fungi,Potato,valid
Fungi/IMG_1101.JPG,Fungi,Potato,valid
Pest/IMG_0292.JPG,Pest,Potato,valid
Bacteria/20230816_135602.jpg,Bacteria,Potato,valid
Bacteria/20230816_141521.jpg,Bacteria,Potato,valid
Fungi/20230816_121522.jpg,Fungi,Potato,valid
Pest/IMG_8350.JPG,Pest,Potato,valid
Bacteria/20230816_134255.jpg,Bacteria,Potato,valid
Phytopthora/20230802_124910.jpg,Phytopthora,Potato,valid
Virus/IMG_0638.JPG,Virus,Potato,valid
Bacteria/IMG_0329.JPG,Bacteria,Potato,valid
Bacteria/20230815_120817.jpg,Bacteria,Potato,valid
Nematode/IMG_20230815_114900.jpg,Nematode,Potato,valid
Phytopthora/IMG_9440.JPG,Phytopthora,Potato,valid
Fungi/20230802_111913.jpg,Fungi,Potato,valid
Pest/IMG_0216 (1).JPG,Pest,Potato,valid
Phytopthora/20230712_115252.jpg,Phytopthora,Potato,valid
Fungi/20230712_155655.jpg,Fungi,Potato,valid
Virus/IMG_0650.JPG,Virus,Potato,valid
Bacteria/20230816_142520.jpg,Bacteria,Potato,valid
Virus/20230816_114445.jpg,Virus,Potato,valid
Fungi/IMG_0282.JPG,Fungi,Potato,valid
Fungi/20230816_140642.jpg,Fungi,Potato,valid
Fungi/IMG_0253 (1).JPG,Fungi,Potato,valid
Virus/20230815_115129.jpg,Virus,Potato,valid
Virus/20230815_121930.jpg,Virus,Potato,valid
Fungi/IMG_0745.JPG,Fungi,Potato,valid
Bacteria/20230815_113834.jpg,Bacteria,Potato,valid
Fungi/IMG_9456.JPG,Fungi,Potato,valid
Virus/20230816_114351.jpg,Virus,Potato,valid
Healthy/20230712_131219.jpg,Healthy,Potato,valid
Bacteria/IMG_1039.JPG,Bacteria,Potato,valid
Fungi/20230802_111815.jpg,Fungi,Potato,valid
Bacteria/IMG_1118.JPG,Bacteria,Potato,valid
Pest/IMG_4727.JPG,Pest,Potato,valid
Fungi/IMG_20230815_120159~2.jpg,Fungi,Potato,valid
Virus/IMG_0482.JPG,Virus,Potato,valid
Nematode/IMG_4733.JPG,Nematode,Potato,valid
Pest/20230802_120516836.jpg,Pest,Potato,valid
Fungi/20230816_121527.jpg,Fungi,Potato,valid
Bacteria/20230815_114057.jpg,Bacteria,Potato,valid
Virus/20230816_114454.jpg,Virus,Potato,valid
Virus/20230816_114701.jpg,Virus,Potato,valid
Bacteria/20230815_114513.jpg,Bacteria,Potato,valid
Bacteria/IMG_1068.JPG,Bacteria,Potato,valid
Pest/IMG_20230816_135810~2.jpg,Pest,Potato,valid
Bacteria/20230816_142332.jpg,Bacteria,Potato,valid
Virus/IMG_0584.JPG,Virus,Potato,valid
Fungi/IMG_20230816_112541.jpg,Fungi,Potato,valid
Virus/20230712_132914.jpg,Virus,Potato,valid
Virus/20230712_132900.jpg,Virus,Potato,valid
Virus/IMG_0633.JPG,Virus,Potato,valid
Fungi/IMG_20230815_122340~2.jpg,Fungi,Potato,valid
Bacteria/20230816_135444.jpg,Bacteria,Potato,valid
Virus/20230802_115738.jpg,Virus,Potato,valid
Nematode/20230815_122751.jpg,Nematode,Potato,valid
Pest/20230816_143131.jpg,Pest,Potato,valid
Bacteria/20230816_142020.jpg,Bacteria,Potato,valid
Fungi/20230802_111731195.jpg,Fungi,Potato,valid
Bacteria/IMG_1192.JPG,Bacteria,Potato,valid
Pest/IMG_20230816_114257.jpg,Pest,Potato,valid
Fungi/20230802_110831.jpg,Fungi,Potato,valid
Bacteria/20230816_134650.jpg,Bacteria,Potato,valid
Phytopthora/IMG_8099.JPG,Phytopthora,Potato,valid
Pest/20230816_142514.jpg,Pest,Potato,valid
Bacteria/IMG_1167.JPG,Bacteria,Potato,valid
Pest/IMG_20230816_140757~2.jpg,Pest,Potato,valid
Phytopthora/IMG_0293 - Copy.JPG,Phytopthora,Potato,valid
Bacteria/IMG_1168.JPG,Bacteria,Potato,valid
Fungi/IMG_0253.JPG,Fungi,Potato,valid
Virus/20230802_112937392.jpg,Virus,Potato,valid
Pest/1692336759075.jpg,Pest,Potato,valid
Phytopthora/IMG_4719.JPG,Phytopthora,Potato,valid
Pest/IMG_20230816_141322.jpg,Pest,Potato,valid
Virus/IMG_0983.JPG,Virus,Potato,valid
Pest/IMG_0841.JPG,Pest,Potato,valid
Pest/IMG_4806.JPG,Pest,Potato,valid
Healthy/20230802_115527375.jpg,Healthy,Potato,valid
Bacteria/20230815_114927.jpg,Bacteria,Potato,valid
Bacteria/20230815_115905.jpg,Bacteria,Potato,valid
Phytopthora/IMG_9534 (1).JPG,Phytopthora,Potato,valid
Fungi/20230816_122001.jpg,Fungi,Potato,valid
Virus/20230815_113731.jpg,Virus,Potato,valid
Phytopthora/IMG_0270 - Copy.JPG,Phytopthora,Potato,valid
Virus/IMG_0476.JPG,Virus,Potato,valid
Pest/IMG_20230816_143125.jpg,Pest,Potato,valid
Bacteria/IMG_0945.JPG,Bacteria,Potato,valid
Virus/20230815_144859.jpg,Virus,Potato,valid
Bacteria/20230816_091330.jpg,Bacteria,Potato,valid
Fungi/IMG_0142.JPG,Fungi,Potato,valid
Bacteria/20230816_142244.jpg,Bacteria,Potato,valid
Bacteria/IMG_0853.JPG,Bacteria,Potato,valid
Healthy/20230712_123714.jpg,Healthy,Potato,valid
Bacteria/20230816_135147.jpg,Bacteria,Potato,valid
Fungi/IMG_9364.JPG,Fungi,Potato,valid
Phytopthora/IMG_0254 - Copy.JPG,Phytopthora,Potato,valid
Virus/20230815_114141.jpg,Virus,Potato,valid
Virus/20230815_112620.jpg,Virus,Potato,valid
Fungi/IMG_20230815_115235.jpg,Fungi,Potato,valid
Phytopthora/IMG_0310 - Copy.JPG,Phytopthora,Potato,valid
Healthy/IMG_8204.JPG,Healthy,Potato,valid
Pest/IMG_0123 (1).JPG,Pest,Potato,valid
Pest/1692338650651.jpg,Pest,Potato,valid
Pest/IMG_20230816_115049~2.jpg,Pest,Potato,valid
Fungi/20230802_110035.jpg,Fungi,Potato,valid
Bacteria/20230815_114052.jpg,Bacteria,Potato,valid
Bacteria/IMG_1024.JPG,Bacteria,Potato,valid
Phytopthora/IMG_20230816_122433.jpg,Phytopthora,Potato,valid
Pest/IMG_20230816_141500.jpg,Pest,Potato,valid
Bacteria/IMG_0351.JPG,Bacteria,Potato,valid
Fungi/20230712_120701.jpg,Fungi,Potato,valid
Fungi/1692335403624.jpg,Fungi,Potato,valid
Phytopthora/1692336758747.jpg,Phytopthora,Potato,valid
Pest/1692336758616.jpg,Pest,Potato,valid
Healthy/20230712_121740.jpg,Healthy,Potato,valid
Fungi/IMG_20230816_120829.jpg,Fungi,Potato,valid
Fungi/IMG_0290.JPG,Fungi,Potato,valid
Pest/20230922_163513.jpg,Pest,Potato,valid
Pest/IMG_9533.JPG,Pest,Potato,valid
Fungi/20230802_112313954.jpg,Fungi,Potato,valid
Fungi/20230802_110636.jpg,Fungi,Potato,valid
Fungi/1692334247568.jpg,Fungi,Potato,valid
Pest/IMG_8337.JPG,Pest,Potato,valid
Phytopthora/IMG_9518.JPG,Phytopthora,Potato,valid
Bacteria/20230815_111544.jpg,Bacteria,Potato,valid
Fungi/IMG_4734.JPG,Fungi,Potato,valid
Phytopthora/IMG_0342.JPG,Phytopthora,Potato,valid
Virus/20230712_133213.jpg,Virus,Potato,valid
Fungi/IMG_20230816_113645.jpg,Fungi,Potato,valid
Healthy/20230712_132255.jpg,Healthy,Potato,valid
Virus/IMG_8272.JPG,Virus,Potato,valid
Pest/IMG_8162.JPG,Pest,Potato,valid
Phytopthora/IMG_0401.JPG,Phytopthora,Potato,valid
Fungi/IMG_9433.JPG,Fungi,Potato,valid
Bacteria/IMG_0920.JPG,Bacteria,Potato,valid
Bacteria/IMG_1150.JPG,Bacteria,Potato,valid
Pest/IMG_20230816_143438.jpg,Pest,Potato,valid
Fungi/IMG_0237.JPG,Fungi,Potato,valid
Bacteria/20230816_135102.jpg,Bacteria,Potato,valid
Pest/IMG_0610.JPG,Pest,Potato,valid
Fungi/20230802_105838.jpg,Fungi,Potato,valid
Healthy/IMG_9473.JPG,Healthy,Potato,valid
Fungi/IMG_20230816_121027.jpg,Fungi,Potato,valid
Bacteria/IMG_1257.JPG,Bacteria,Potato,valid
Phytopthora/IMG_4661.JPG,Phytopthora,Potato,valid
Phytopthora/IMG_0402.JPG,Phytopthora,Potato,valid
Pest/20230816_142946.jpg,Pest,Potato,valid
Healthy/20230712_132240.jpg,Healthy,Potato,valid
Phytopthora/20230712_154258.jpg,Phytopthora,Potato,valid
Pest/20230802_120034066.jpg,Pest,Potato,valid
Bacteria/IMG_1160.JPG,Bacteria,Potato,valid
Virus/20230816_114357.jpg,Virus,Potato,valid
Pest/IMG_9551.JPG,Pest,Potato,valid
Fungi/IMG_20230815_112322.jpg,Fungi,Potato,valid
Healthy/IMG_1252.JPG,Healthy,Potato,valid
Phytopthora/20230802_123806707.jpg,Phytopthora,Potato,valid
Pest/IMG_0208.JPG,Pest,Potato,valid
Pest/IMG_20230816_134630.jpg,Pest,Potato,valid
Pest/IMG_8097.JPG,Pest,Potato,valid
Fungi/20230802_105508.jpg,Fungi,Potato,valid
Phytopthora/IMG_0384.JPG,Phytopthora,Potato,valid
Bacteria/20230816_141155.jpg,Bacteria,Potato,valid
Pest/IMG_9553.JPG,Pest,Potato,valid
Bacteria/20230816_143416.jpg,Bacteria,Potato,valid
Fungi/IMG_20230816_115633~2.jpg,Fungi,Potato,valid
Fungi/IMG_0153.JPG,Fungi,Potato,valid
Nematode/IMG_9462.JPG,Nematode,Potato,valid
Virus/IMG_0605.JPG,Virus,Potato,valid
Nematode/20230712_121038.jpg,Nematode,Potato,valid
Pest/IMG_20230816_140442~2.jpg,Pest,Potato,valid
Fungi/IMG_4777.JPG,Fungi,Potato,valid
Virus/IMG_0375.JPG,Virus,Potato,valid
Fungi/1692338054040.jpg,Fungi,Potato,valid
Phytopthora/IMG_9524 (1).JPG,Phytopthora,Potato,valid
Pest/20230816_082704.jpg,Pest,Potato,valid
Healthy/20230815_115718.jpg,Healthy,Potato,valid
Nematode/IMG_0259.JPG,Nematode,Potato,valid
Virus/20230816_145822.jpg,Virus,Potato,valid
Pest/IMG_0606.JPG,Pest,Potato,valid
Virus/IMG_0477.JPG,Virus,Potato,valid
Fungi/1692338650780.jpg,Fungi,Potato,valid
Fungi/20230712_160026.jpg,Fungi,Potato,valid
Pest/20230802_115548315.jpg,Pest,Potato,valid
Fungi/20230802_105848.jpg,Fungi,Potato,valid
Bacteria/IMG_1203.JPG,Bacteria,Potato,valid
Fungi/20230712_154021.jpg,Fungi,Potato,valid
Fungi/20230802_105747.jpg,Fungi,Potato,valid
Healthy/20230815_114115.jpg,Healthy,Potato,valid
Pest/20230922_163839.jpg,Pest,Potato,valid
Fungi/20230802_105545902.jpg,Fungi,Potato,valid
Phytopthora/IMG_8100.JPG,Phytopthora,Potato,valid
Pest/20230712_121220.jpg,Pest,Potato,valid
Virus/20230815_151643.jpg,Virus,Potato,valid
Virus/IMG_0703.JPG,Virus,Potato,valid
Bacteria/20230816_140812.jpg,Bacteria,Potato,valid
Pest/IMG_20230816_135134.jpg,Pest,Potato,valid
Phytopthora/IMG_9520.JPG,Phytopthora,Potato,valid
Fungi/IMG_9459.JPG,Fungi,Potato,valid
Fungi/1692335403330.jpg,Fungi,Potato,valid
Fungi/IMG_8352.JPG,Fungi,Potato,valid
Pest/20230802_125058.jpg,Pest,Potato,valid
Fungi/20230712_155715.jpg,Fungi,Potato,valid
Healthy/20230712_130758.jpg,Healthy,Potato,valid
Phytopthora/IMG_0400.JPG,Phytopthora,Potato,valid
Bacteria/IMG_0322.JPG,Bacteria,Potato,valid
Healthy/IMG_4802.JPG,Healthy,Potato,valid
Fungi/IMG_20230816_121903.jpg,Fungi,Potato,valid
Fungi/IMG_0209.JPG,Fungi,Potato,valid
Virus/20230815_121830.jpg,Virus,Potato,valid
Virus/IMG_0338.JPG,Virus,Potato,valid
Phytopthora/IMG_9526 (1).JPG,Phytopthora,Potato,valid
Bacteria/20230816_135532.jpg,Bacteria,Potato,valid
Pest/IMG_0225.JPG,Pest,Potato,valid
Phytopthora/IMG_9443.JPG,Phytopthora,Potato,valid
Phytopthora/IMG_0245.JPG,Phytopthora,Potato,valid
Bacteria/20230816_142201.jpg,Bacteria,Potato,valid
Healthy/20230816_121130.jpg,Healthy,Potato,valid
Fungi/20230816_120933.jpg,Fungi,Potato,valid
Fungi/IMG_0277.JPG,Fungi,Potato,valid
Phytopthora/IMG_9520 (1).JPG,Phytopthora,Potato,valid
Pest/20230802_124743.jpg,Pest,Potato,valid
Healthy/20230815_112010.jpg,Healthy,Potato,valid
Bacteria/20230816_141617.jpg,Bacteria,Potato,valid
Bacteria/20230816_142653.jpg,Bacteria,Potato,valid
Fungi/IMG_20230816_121701~2.jpg,Fungi,Potato,valid
Fungi/IMG_4754.JPG,Fungi,Potato,valid
Fungi/IMG_4692.JPG,Fungi,Potato,valid
Virus/20230802_115606.jpg,Virus,Potato,valid
Fungi/IMG_20230816_121542~2.jpg,Fungi,Potato,valid
Pest/IMG_20230816_140138.jpg,Pest,Potato,valid
Pest/IMG_0276.JPG,Pest,Potato,valid
Healthy/20230712_130718.jpg,Healthy,Potato,valid
Pest/IMG_4732.JPG,Pest,Potato,valid
Fungi/IMG_0750.JPG,Fungi,Potato,valid
Healthy/20230922_154044.jpg,Healthy,Potato,valid
Virus/20230712_132843.jpg,Virus,Potato,valid
Healthy/20230815_115710.jpg,Healthy,Potato,valid
Phytopthora/IMG_0378.JPG,Phytopthora,Potato,valid
Pest/IMG_8117.JPG,Pest,Potato,valid
Pest/20230922_163458.jpg,Pest,Potato,valid
Bacteria/IMG_1188.JPG,Bacteria,Potato,valid
Fungi/20230802_110331.jpg,Fungi,Potato,valid
Phytopthora/20230802_123749.jpg,Phytopthora,Potato,valid
Pest/IMG_20230816_142417~2.jpg,Pest,Potato,valid
Pest/IMG_0200.JPG,Pest,Potato,valid
Virus/20230815_122031.jpg,Virus,Potato,valid
Fungi/IMG_8199.JPG,Fungi,Potato,valid
Phytopthora/20230802_123741535.jpg,Phytopthora,Potato,valid
Virus/20230816_113912.jpg,Virus,Potato,valid
Virus/20230815_112356.jpg,Virus,Potato,valid
Virus/IMG_0953.JPG,Virus,Potato,valid
Virus/20230815_153230.jpg,Virus,Potato,valid
Virus/20230815_120540.jpg,Virus,Potato,valid
Fungi/IMG_4782.JPG,Fungi,Potato,valid
Virus/IMG_0465.JPG,Virus,Potato,valid
Phytopthora/IMG_9540.JPG,Phytopthora,Potato,valid
Fungi/IMG_8351.JPG,Fungi,Potato,valid
Healthy/IMG_9447.JPG,Healthy,Potato,valid
Healthy/20230712_122745.jpg,Healthy,Potato,valid
Fungi/IMG_9360.JPG,Fungi,Potato,valid
Pest/1692338054059.jpg,Pest,Potato,valid
Virus/20230816_113726.jpg,Virus,Potato,valid
Fungi/Copy of 20230712_154218.jpg,Fungi,Potato,valid
Phytopthora/IMG_9567 (1).JPG,Phytopthora,Potato,valid
Virus/20230816_121417.jpg,Virus,Potato,valid
Bacteria/IMG_0331.JPG,Bacteria,Potato,valid
Fungi/IMG_20230816_121858.jpg,Fungi,Potato,valid
Pest/20230802_115322.jpg,Pest,Potato,valid
Pest/IMG_20230816_134539.jpg,Pest,Potato,valid
Fungi/IMG_0229.JPG,Fungi,Potato,valid
Phytopthora/IMG_9511.JPG,Phytopthora,Potato,valid
Pest/20230712_124513.jpg,Pest,Potato,valid
Nematode/IMG_0200.JPG,Nematode,Potato,valid
Virus/20230816_115007.jpg,Virus,Potato,valid
Fungi/IMG_4725.JPG,Fungi,Potato,valid
Fungi/20230802_110942974.jpg,Fungi,Potato,valid
Bacteria/IMG_0359.JPG,Bacteria,Potato,valid
Phytopthora/20230802_124148.jpg,Phytopthora,Potato,valid
Virus/20230815_112639.jpg,Virus,Potato,valid
Bacteria/IMG_1235.JPG,Bacteria,Potato,valid
Virus/IMG_20230816_082237.jpg,Virus,Potato,valid
Virus/IMG_1127.JPG,Virus,Potato,valid
Bacteria/IMG_1079.JPG,Bacteria,Potato,valid
Virus/20230815_151639.jpg,Virus,Potato,valid
Phytopthora/IMG_0289 - Copy.JPG,Phytopthora,Potato,valid
Pest/20230712_122835.jpg,Pest,Potato,valid
Virus/IMG_0647.JPG,Virus,Potato,valid
Fungi/IMG_9369.JPG,Fungi,Potato,valid
Fungi/1692334247287.jpg,Fungi,Potato,valid
Fungi/IMG_0247.JPG,Fungi,Potato,valid
Bacteria/20230815_111615.jpg,Bacteria,Potato,valid
Bacteria/IMG_1201.JPG,Bacteria,Potato,valid
Fungi/20230802_111741.jpg,Fungi,Potato,valid
Fungi/20230802_110149.jpg,Fungi,Potato,valid
Pest/20230802_115539571.jpg,Pest,Potato,valid
Bacteria/20230816_141359.jpg,Bacteria,Potato,valid
Fungi/IMG_0796.JPG,Fungi,Potato,valid
Pest/20230922_163448.jpg,Pest,Potato,valid
Phytopthora/20230802_124841651.jpg,Phytopthora,Potato,valid
Phytopthora/20230802_124505.jpg,Phytopthora,Potato,valid
Phytopthora/IMG_0251 - Copy.JPG,Phytopthora,Potato,valid
Bacteria/20230816_135122.jpg,Bacteria,Potato,valid
Nematode/IMG_20230815_113853~2.jpg,Nematode,Potato,valid
Fungi/IMG_0794.JPG,Fungi,Potato,valid
Fungi/20230712_122911.jpg,Fungi,Potato,valid
Virus/20230816_114008.jpg,Virus,Potato,valid
Bacteria/20230816_141230.jpg,Bacteria,Potato,valid
Phytopthora/IMG_9440 (1).JPG,Phytopthora,Potato,valid
Bacteria/20230816_140312.jpg,Bacteria,Potato,valid
Fungi/20230802_105454.jpg,Fungi,Potato,valid
Healthy/IMG_4654.JPG,Healthy,Potato,valid
Pest/1692333632158.jpg,Pest,Potato,valid
Pest/IMG_0181.JPG,Pest,Potato,valid
Pest/1692333303029.jpg,Pest,Potato,valid
Pest/IMG_0285 - Copy.JPG,Pest,Potato,valid
Virus/20230816_123440.jpg,Virus,Potato,valid
Pest/IMG_0334.JPG,Pest,Potato,valid
Pest/IMG_8084.JPG,Pest,Potato,valid
Phytopthora/IMG_0261 - Copy (1).JPG,Phytopthora,Potato,valid
Phytopthora/20230802_125533.jpg,Phytopthora,Potato,valid
Bacteria/IMG_0366.JPG,Bacteria,Potato,valid
Virus/IMG_0625.JPG,Virus,Potato,valid
Pest/IMG_20230816_122236~2.jpg,Pest,Potato,valid
Virus/20230712_133220.jpg,Virus,Potato,valid
Bacteria/20230816_135621.jpg,Bacteria,Potato,valid
Bacteria/20230816_135046.jpg,Bacteria,Potato,valid
Virus/IMG_8209.JPG,Virus,Potato,valid
Phytopthora/IMG_0252 - Copy.JPG,Phytopthora,Potato,valid
Nematode/20230712_122808.jpg,Nematode,Potato,valid
Virus/IMG_1104.JPG,Virus,Potato,valid
Bacteria/20230816_134143.jpg,Bacteria,Potato,valid
Pest/20230802_120228868.jpg,Pest,Potato,valid
Virus/20230815_150510.jpg,Virus,Potato,valid
Virus/20230816_122549.jpg,Virus,Potato,valid
Virus/20230815_121336.jpg,Virus,Potato,valid
Pest/IMG_9530.JPG,Pest,Potato,valid
Pest/IMG_4741.JPG,Pest,Potato,valid
Pest/IMG_8086.JPG,Pest,Potato,valid
Fungi/IMG_9386.JPG,Fungi,Potato,valid
Pest/20230712_114223.jpg,Pest,Potato,valid
Pest/IMG_9558.JPG,Pest,Potato,valid
Bacteria/20230816_142655.jpg,Bacteria,Potato,valid
Fungi/IMG_0265 (1).JPG,Fungi,Potato,valid
Fungi/20230815_112844.jpg,Fungi,Potato,valid
Bacteria/20230816_140117.jpg,Bacteria,Potato,valid
Fungi/20230712_132136.jpg,Fungi,Potato,valid
Fungi/IMG_9391.JPG,Fungi,Potato,valid
Pest/20230802_120320622.jpg,Pest,Potato,valid
Bacteria/20230815_113923.jpg,Bacteria,Potato,valid
Fungi/20230712_115043.jpg,Fungi,Potato,valid
Virus/20230816_114019.jpg,Virus,Potato,valid
Fungi/IMG_9460.JPG,Fungi,Potato,valid
Pest/20230802_124023.jpg,Pest,Potato,valid
Phytopthora/IMG_9560.JPG,Phytopthora,Potato,valid
Phytopthora/IMG_0356.JPG,Phytopthora,Potato,valid
Fungi/20230802_111604999.jpg,Fungi,Potato,valid
Virus/IMG_0444.JPG,Virus,Potato,valid
Pest/20230712_115559.jpg,Pest,Potato,valid
Bacteria/IMG_20230816_140258.jpg,Bacteria,Potato,valid
Pest/20230922_163617.jpg,Pest,Potato,valid
Fungi/20230712_153956.jpg,Fungi,Potato,valid
Fungi/IMG_0795.JPG,Fungi,Potato,valid
Bacteria/20230815_111602.jpg,Bacteria,Potato,valid
Bacteria/20230816_134736.jpg,Bacteria,Potato,valid
Fungi/IMG_9393.JPG,Fungi,Potato,valid
Fungi/20230802_113046.jpg,Fungi,Potato,valid
Bacteria/20230816_142343.jpg,Bacteria,Potato,valid
Healthy/20230712_124025.jpg,Healthy,Potato,valid
Healthy/20230815_120135.jpg,Healthy,Potato,valid
Pest/IMG_0398.JPG,Pest,Potato,valid
Pest/20230922_163742.jpg,Pest,Potato,valid
Virus/IMG_0270.JPG,Virus,Potato,valid
Virus/20230815_114247.jpg,Virus,Potato,valid
Pest/20230802_124616.jpg,Pest,Potato,valid
Fungi/IMG_20230816_081407.jpg,Fungi,Potato,valid
Pest/IMG_20230816_140828.jpg,Pest,Potato,valid
Fungi/IMG_9380.JPG,Fungi,Potato,valid
Bacteria/20230816_121054.jpg,Bacteria,Potato,valid
Virus/IMG_1072.JPG,Virus,Potato,valid
Healthy/20230922_155829.jpg,Healthy,Potato,valid
Virus/IMG_0212.JPG,Virus,Potato,valid
Fungi/20230712_154837.jpg,Fungi,Potato,valid
Bacteria/20230815_111914.jpg,Bacteria,Potato,valid
Fungi/20230802_111842612.jpg,Fungi,Potato,valid
Phytopthora/IMG_0292 - Copy.JPG,Phytopthora,Potato,valid
Fungi/IMG_20230815_153702.jpg,Fungi,Potato,valid
Fungi/20230712_154301.jpg,Fungi,Potato,valid
Phytopthora/IMG_9509.JPG,Phytopthora,Potato,valid
Virus/20230815_150657.jpg,Virus,Potato,valid
Bacteria/IMG_1129.JPG,Bacteria,Potato,valid
Healthy/20230712_143950.jpg,Healthy,Potato,valid
Pest/20230802_124926.jpg,Pest,Potato,valid
Bacteria/IMG_1200.JPG,Bacteria,Potato,valid
Healthy/20230815_115726.jpg,Healthy,Potato,valid
Virus/IMG_8342.JPG,Virus,Potato,valid
Bacteria/IMG_1158.JPG,Bacteria,Potato,valid
Virus/20230816_113207.jpg,Virus,Potato,valid
Bacteria/20230816_141014.jpg,Bacteria,Potato,valid
Bacteria/20230816_134805.jpg,Bacteria,Potato,valid
Pest/IMG_0324.JPG,Pest,Potato,valid
Virus/IMG_0218.JPG,Virus,Potato,valid
Pest/20230712_155749.jpg,Pest,Potato,valid
Fungi/1692336758769.jpg,Fungi,Potato,valid
Pest/IMG_20230816_134445.jpg,Pest,Potato,valid
Fungi/IMG_20230816_090628 (1).jpg,Fungi,Potato,valid
Fungi/20230802_110129620.jpg,Fungi,Potato,valid
Virus/20230815_150557.jpg,Virus,Potato,valid
Pest/20230712_124120.jpg,Pest,Potato,valid
Virus/IMG_0812.JPG,Virus,Potato,valid
Phytopthora/IMG_0246.JPG,Phytopthora,Potato,valid
Phytopthora/IMG_9464 (1).JPG,Phytopthora,Potato,valid
Bacteria/IMG_1159.JPG,Bacteria,Potato,valid
Fungi/20230802_111439410.jpg,Fungi,Potato,valid
Bacteria/IMG_0919.JPG,Bacteria,Potato,valid
Fungi/20230802_111836.jpg,Fungi,Potato,valid
Pest/20230802_120239780.jpg,Pest,Potato,valid
Fungi/IMG_20230816_121536~2.jpg,Fungi,Potato,valid
Virus/IMG_8258.JPG,Virus,Potato,valid
Pest/20230802_120056918.jpg,Pest,Potato,valid
Phytopthora/20230802_124755.jpg,Phytopthora,Potato,valid
Nematode/IMG_20230815_114824~2.jpg,Nematode,Potato,valid
Virus/20230815_145647.jpg,Virus,Potato,valid
Pest/1692333632280.jpg,Pest,Potato,test
Healthy/20230815_121201.jpg,Healthy,Potato,test
Phytopthora/20230802_123957.jpg,Phytopthora,Potato,test
Virus/20230816_123442.jpg,Virus,Potato,test
Pest/IMG_9387.JPG,Pest,Potato,test
Phytopthora/20230802_123623700.jpg,Phytopthora,Potato,test
Pest/IMG_0811.JPG,Pest,Potato,test
Fungi/IMG_4785.JPG,Fungi,Potato,test
Bacteria/IMG_1026.JPG,Bacteria,Potato,test
Fungi/IMG_0261.JPG,Fungi,Potato,test
Healthy/20230712_131524.jpg,Healthy,Potato,test
Fungi/IMG_20230815_123012~2.jpg,Fungi,Potato,test
Pest/IMG_0186.JPG,Pest,Potato,test
Bacteria/IMG_0353.JPG,Bacteria,Potato,test
Virus/20230816_114405.jpg,Virus,Potato,test
Bacteria/IMG_20230815_122824.jpg,Bacteria,Potato,test
Pest/20230802_123654369.jpg,Pest,Potato,test
Fungi/IMG_0270.JPG,Fungi,Potato,test
Bacteria/20230816_140049.jpg,Bacteria,Potato,test
Fungi/20230802_112904185.jpg,Fungi,Potato,test
Bacteria/IMG_20230816_141750.jpg,Bacteria,Potato,test
Phytopthora/20230802_124021.jpg,Phytopthora,Potato,test
Pest/20230802_120341080.jpg,Pest,Potato,test
Phytopthora/IMG_9439.JPG,Phytopthora,Potato,test
Fungi/20230802_111602067.jpg,Fungi,Potato,test
Bacteria/20230816_135539.jpg,Bacteria,Potato,test
Pest/1692335403953.jpg,Pest,Potato,test
Virus/1692336758660.jpg,Virus,Potato,test
Bacteria/20230816_142053.jpg,Bacteria,Potato,test
Virus/IMG_0808.JPG,Virus,Potato,test
Virus/20230816_114016.jpg,Virus,Potato,test
Phytopthora/20230802_125709.jpg,Phytopthora,Potato,test
Bacteria/20230816_135615.jpg,Bacteria,Potato,test
Bacteria/20230816_140922.jpg,Bacteria,Potato,test
Nematode/20230712_154702.jpg,Nematode,Potato,test
Fungi/20230802_110505.jpg,Fungi,Potato,test
Bacteria/20230816_141244.jpg,Bacteria,Potato,test
Virus/IMG_0654.JPG,Virus,Potato,test
Fungi/1692334247043.jpg,Fungi,Potato,test
Virus/IMG_1230.JPG,Virus,Potato,test
Virus/20230815_120551.jpg,Virus,Potato,test
Fungi/IMG_0613.JPG,Fungi,Potato,test
Pest/IMG_0197.JPG,Pest,Potato,test
Fungi/IMG_0280 (1).JPG,Fungi,Potato,test
Phytopthora/20230802_123816600.jpg,Phytopthora,Potato,test
Virus/20230816_114355.jpg,Virus,Potato,test
Bacteria/20230815_113849.jpg,Bacteria,Potato,test
Phytopthora/20230802_125005.jpg,Phytopthora,Potato,test
Fungi/20230712_123052.jpg,Fungi,Potato,test
Pest/IMG_20230816_135123.jpg,Pest,Potato,test
Phytopthora/20230802_123821829.jpg,Phytopthora,Potato,test
Fungi/IMG_20230816_114425.jpg,Fungi,Potato,test
Pest/IMG_0231.JPG,Pest,Potato,test
Healthy/20230802_121046.jpg,Healthy,Potato,test
Bacteria/20230815_113920.jpg,Bacteria,Potato,test
Healthy/20230922_154212.jpg,Healthy,Potato,test
Phytopthora/IMG_4707.JPG,Phytopthora,Potato,test
Pest/1692332762374.jpg,Pest,Potato,test
Pest/20230802_110153223.jpg,Pest,Potato,test
Healthy/20230712_123935.jpg,Healthy,Potato,test
Phytopthora/IMG_0244.JPG,Phytopthora,Potato,test
Bacteria/20230816_140318.jpg,Bacteria,Potato,test
Virus/20230802_120054.jpg,Virus,Potato,test
Healthy/20230816_115751.jpg,Healthy,Potato,test
Bacteria/20230815_113821.jpg,Bacteria,Potato,test
Healthy/IMG_9417.JPG,Healthy,Potato,test
Virus/IMG_0468.JPG,Virus,Potato,test
Pest/IMG_0220.JPG,Pest,Potato,test
Virus/IMG_0624.JPG,Virus,Potato,test
Fungi/IMG_9404.JPG,Fungi,Potato,test
Pest/IMG_8160.JPG,Pest,Potato,test
Bacteria/20230816_140920.jpg,Bacteria,Potato,test
Virus/IMG_1085.JPG,Virus,Potato,test
Pest/20230712_153547.jpg,Pest,Potato,test
Fungi/1692335403828.jpg,Fungi,Potato,test
Bacteria/20230816_142045.jpg,Bacteria,Potato,test
Bacteria/20230816_142735.jpg,Bacteria,Potato,test
Fungi/20230802_112343452.jpg,Fungi,Potato,test
Bacteria/20230815_111854.jpg,Bacteria,Potato,test
Fungi/20230802_110038.jpg,Fungi,Potato,test
Phytopthora/IMG_20230816_080837.jpg,Phytopthora,Potato,test
Phytopthora/IMG_9518 (1).JPG,Phytopthora,Potato,test
Healthy/20230712_130800.jpg,Healthy,Potato,test
Virus/20230815_152953.jpg,Virus,Potato,test
Pest/20230802_115420646.jpg,Pest,Potato,test
Virus/IMG_4809.JPG,Virus,Potato,test
Fungi/20230802_113124667.jpg,Fungi,Potato,test
Pest/IMG_0939.JPG,Pest,Potato,test
Phytopthora/IMG_9565.JPG,Phytopthora,Potato,test
Fungi/IMG_9400.JPG,Fungi,Potato,test
Virus/20230816_145811.jpg,Virus,Potato,test
Phytopthora/20230802_124456.jpg,Phytopthora,Potato,test
Virus/IMG_0865.JPG,Virus,Potato,test
Virus/IMG_0619.JPG,Virus,Potato,test
Healthy/20230815_115544.jpg,Healthy,Potato,test
Healthy/IMG_4773.JPG,Healthy,Potato,test
Virus/20230816_113607.jpg,Virus,Potato,test
Healthy/20230802_115924153.jpg,Healthy,Potato,test
Virus/20230816_114318.jpg,Virus,Potato,test
Pest/IMG_4747.JPG,Pest,Potato,test
Pest/IMG_0322.JPG,Pest,Potato,test
Pest/IMG_0235.JPG,Pest,Potato,test
Pest/IMG_20230816_134527.jpg,Pest,Potato,test
Healthy/20230712_133008.jpg,Healthy,Potato,test
Pest/20230922_163534.jpg,Pest,Potato,test
Fungi/20230802_104832057.jpg,Fungi,Potato,test
Bacteria/20230816_142443.jpg,Bacteria,Potato,test
Fungi/IMG_8282.JPG,Fungi,Potato,test
Pest/IMG_8141.JPG,Pest,Potato,test
Phytopthora/20230802_124453444.jpg,Phytopthora,Potato,test
Phytopthora/IMG_0369.JPG,Phytopthora,Potato,test
Pest/20230712_123358.jpg,Pest,Potato,test
Fungi/IMG_8102.JPG,Fungi,Potato,test
Pest/IMG_0286.JPG,Pest,Potato,test
Fungi/1692334247650.jpg,Fungi,Potato,test
Fungi/IMG_0267.JPG,Fungi,Potato,test
Virus/20230922_155900.jpg,Virus,Potato,test
Phytopthora/20230802_125119145.jpg,Phytopthora,Potato,test
Fungi/IMG_9466.JPG,Fungi,Potato,test
Pest/20230816_142938.jpg,Pest,Potato,test
Bacteria/20230816_140628.jpg,Bacteria,Potato,test
Healthy/20230802_105306832.jpg,Healthy,Potato,test
Virus/20230815_150540.jpg,Virus,Potato,test
Healthy/20230712_121759.jpg,Healthy,Potato,test
Fungi/1692333632169.jpg,Fungi,Potato,test
Virus/20230816_121317.jpg,Virus,Potato,test
Bacteria/IMG_1156.JPG,Bacteria,Potato,test
Bacteria/IMG_20230816_140239.jpg,Bacteria,Potato,test
Fungi/1692338650713.jpg,Fungi,Potato,test
Virus/IMG_0242.JPG,Virus,Potato,test
Pest/IMG_4711.JPG,Pest,Potato,test
Virus/20230815_112631.jpg,Virus,Potato,test
Nematode/20230712_153742.jpg,Nematode,Potato,test
Bacteria/20230816_141232.jpg,Bacteria,Potato,test
Fungi/IMG_8245.JPG,Fungi,Potato,test
Bacteria/20230816_140054.jpg,Bacteria,Potato,test
Pest/20230802_115914794.jpg,Pest,Potato,test
Bacteria/20230815_114717.jpg,Bacteria,Potato,test
Fungi/IMG_4664.JPG,Fungi,Potato,test
Pest/IMG_0211.JPG,Pest,Potato,test
Pest/20230802_123516.jpg,Pest,Potato,test
Bacteria/IMG_1029.JPG,Bacteria,Potato,test
Virus/IMG_9522.JPG,Virus,Potato,test
Bacteria/20230816_140002.jpg,Bacteria,Potato,test
Fungi/IMG_0265.JPG,Fungi,Potato,test
Virus/20230816_113942.jpg,Virus,Potato,test
Phytopthora/IMG_0244 (1).JPG,Phytopthora,Potato,test
Bacteria/IMG_1133.JPG,Bacteria,Potato,test
Pest/IMG_0221.JPG,Pest,Potato,test
Fungi/20230802_111302559.jpg,Fungi,Potato,test
Pest/IMG_20230816_134543.jpg,Pest,Potato,test
Bacteria/1692332350457.jpg,Bacteria,Potato,test
Phytopthora/IMG_0395.JPG,Phytopthora,Potato,test
Bacteria/20230816_120913.jpg,Bacteria,Potato,test
Fungi/20230712_153943.jpg,Fungi,Potato,test
Bacteria/20230816_140706.jpg,Bacteria,Potato,test
Fungi/IMG_8135.JPG,Fungi,Potato,test
Bacteria/20230816_140942.jpg,Bacteria,Potato,test
Fungi/1692334247523.jpg,Fungi,Potato,test
Fungi/IMG_0272.JPG,Fungi,Potato,test
Fungi/IMG_20230816_122932~2.jpg,Fungi,Potato,test
Virus/IMG_9545.JPG,Virus,Potato,test
Healthy/20230712_130746.jpg,Healthy,Potato,test
Virus/20230815_121340.jpg,Virus,Potato,test
Pest/IMG_8170.JPG,Pest,Potato,test
Virus/20230815_152846.jpg,Virus,Potato,test
Phytopthora/20230802_123643.jpg,Phytopthora,Potato,test
Virus/IMG_0306.JPG,Virus,Potato,test
Nematode/IMG_8142.JPG,Nematode,Potato,test
Nematode/20230815_122915.jpg,Nematode,Potato,test
Healthy/IMG_20230815_122148~2.jpg,Healthy,Potato,test
Fungi/1692336759091.jpg,Fungi,Potato,test
Fungi/IMG_20230815_151853.jpg,Fungi,Potato,test
Bacteria/20230816_141632.jpg,Bacteria,Potato,test
Fungi/IMG_20230816_121356.jpg,Fungi,Potato,test
Fungi/IMG_8197.JPG,Fungi,Potato,test
Pest/IMG_8326.JPG,Pest,Potato,test
Fungi/IMG_20230816_080308_1.jpg,Fungi,Potato,test
Fungi/1692335403639.jpg,Fungi,Potato,test
Virus/20230802_120719.jpg,Virus,Potato,test
Fungi/IMG_20230815_153304~2.jpg,Fungi,Potato,test
Virus/IMG_0644.JPG,Virus,Potato,test
Bacteria/20230816_135513.jpg,Bacteria,Potato,test
Phytopthora/20230802_123555.jpg,Phytopthora,Potato,test
Fungi/20230802_110015.jpg,Fungi,Potato,test
Fungi/1692334247176.jpg,Fungi,Potato,test
Nematode/20230816_121614.jpg,Nematode,Potato,test
Virus/IMG_20230816_075908.jpg,Virus,Potato,test
Fungi/20230802_110518.jpg,Fungi,Potato,test
Healthy/20230815_121155.jpg,Healthy,Potato,test
Healthy/20230922_154158.jpg,Healthy,Potato,test
Phytopthora/20230802_124002473.jpg,Phytopthora,Potato,test
Phytopthora/IMG_0330.JPG,Phytopthora,Potato,test
Phytopthora/IMG_0837.JPG,Phytopthora,Potato,test
Pest/IMG_1066.JPG,Pest,Potato,test
Fungi/IMG_20230816_080501.jpg,Fungi,Potato,test
Bacteria/IMG_1175.JPG,Bacteria,Potato,test
Virus/IMG_0615.JPG,Virus,Potato,test
Bacteria/20230816_142303.jpg,Bacteria,Potato,test
Bacteria/IMG_1215.JPG,Bacteria,Potato,test
Fungi/IMG_0814.JPG,Fungi,Potato,test
Phytopthora/20230802_124744990.jpg,Phytopthora,Potato,test
Bacteria/IMG_1112.JPG,Bacteria,Potato,test
Virus/IMG_0513.JPG,Virus,Potato,test
Nematode/20230802_105225.jpg,Nematode,Potato,test
Bacteria/IMG_1163.JPG,Bacteria,Potato,test
Fungi/20230802_105858781.jpg,Fungi,Potato,test
Fungi/IMG_8159.JPG,Fungi,Potato,test
Fungi/IMG_20230815_153607.jpg,Fungi,Potato,test
Fungi/20230802_110907.jpg,Fungi,Potato,test
Pest/20230802_125300.jpg,Pest,Potato,test
Pest/IMG_20230816_141119.jpg,Pest,Potato,test
Fungi/20230802_105929.jpg,Fungi,Potato,test
Virus/IMG_0274.JPG,Virus,Potato,test
Fungi/20230712_115130.jpg,Fungi,Potato,test
Phytopthora/20230802_125027862.jpg,Phytopthora,Potato,test
Bacteria/20230816_134133.jpg,Bacteria,Potato,test
Pest/20230802_115351.jpg,Pest,Potato,test
Fungi/IMG_0262 - Copy.JPG,Fungi,Potato,test
Nematode/20230815_122900.jpg,Nematode,Potato,test
Virus/20230816_113022.jpg,Virus,Potato,test
Healthy/20230815_115654.jpg,Healthy,Potato,test
Bacteria/IMG_1194.JPG,Bacteria,Potato,test
Healthy/20230816_121606.jpg,Healthy,Potato,test
Bacteria/20230816_134147.jpg,Bacteria,Potato,test
Phytopthora/IMG_0387.JPG,Phytopthora,Potato,test
Virus/IMG_20230815_151108.jpg,Virus,Potato,test
Virus/IMG_0393.JPG,Virus,Potato,test
Phytopthora/IMG_9510.JPG,Phytopthora,Potato,test
Phytopthora/IMG_9536.JPG,Phytopthora,Potato,test
Pest/IMG_20230816_142933.jpg,Pest,Potato,test
Pest/IMG_20230816_142007.jpg,Pest,Potato,test
Pest/20230802_110220113.jpg,Pest,Potato,test
Fungi/IMG_9436.JPG,Fungi,Potato,test
Pest/IMG_4801.JPG,Pest,Potato,test
Bacteria/IMG_1151.JPG,Bacteria,Potato,test
Bacteria/IMG_0915.JPG,Bacteria,Potato,test
Bacteria/20230816_135522.jpg,Bacteria,Potato,test
Pest/IMG_8348.JPG,Pest,Potato,test
Nematode/20230802_105230.jpg,Nematode,Potato,test
Fungi/1692335403522.jpg,Fungi,Potato,test
Virus/IMG_0967.JPG,Virus,Potato,test
Virus/20230712_132641.jpg,Virus,Potato,test
Fungi/IMG_0709.JPG,Fungi,Potato,test
Fungi/IMG_20230815_114008~2.jpg,Fungi,Potato,test
Fungi/20230712_122215.jpg,Fungi,Potato,test
Fungi/1692335403434.jpg,Fungi,Potato,test
Pest/IMG_0320.JPG,Pest,Potato,test
Fungi/IMG_20230815_121940.jpg,Fungi,Potato,test
Pest/IMG_4768.JPG,Pest,Potato,test
Bacteria/IMG_0358.JPG,Bacteria,Potato,test
Pest/20230802_115658.jpg,Pest,Potato,test
Bacteria/IMG_0913.JPG,Bacteria,Potato,test
Fungi/IMG_9416.JPG,Fungi,Potato,test
Bacteria/20230816_140921.jpg,Bacteria,Potato,test
Pest/20230802_130338.jpg,Pest,Potato,test
Pest/1692336759166.jpg,Pest,Potato,test
Fungi/20230802_113006.jpg,Fungi,Potato,test
Fungi/1692334247234.jpg,Fungi,Potato,test
Fungi/20230802_112332586.jpg,Fungi,Potato,test
Pest/1692334247101.jpg,Pest,Potato,test
Nematode/IMG_8333.JPG,Nematode,Potato,test
Virus/20230815_153826.jpg,Virus,Potato,test
Pest/1692335403841.jpg,Pest,Potato,test
Bacteria/IMG_0367.JPG,Bacteria,Potato,test
Fungi/20230816_122510.jpg,Fungi,Potato,test
Fungi/20230802_110138011.jpg,Fungi,Potato,test
Healthy/20230922_154128.jpg,Healthy,Potato,test
Virus/IMG_0637.JPG,Virus,Potato,test
Fungi/20230816_120944.jpg,Fungi,Potato,test
Virus/IMG_0489.JPG,Virus,Potato,test
Virus/20230815_112658.jpg,Virus,Potato,test
Bacteria/20230816_142405.jpg,Bacteria,Potato,test
Fungi/1692334247452.jpg,Fungi,Potato,test
Virus/20230815_112600.jpg,Virus,Potato,test
Virus/20230815_150626.jpg,Virus,Potato,test
Bacteria/IMG_1207.JPG,Bacteria,Potato,test
Fungi/IMG_9450.JPG,Fungi,Potato,test
Pest/20230922_163749.jpg,Pest,Potato,test
Phytopthora/20230802_123415.jpg,Phytopthora,Potato,test
Virus/IMG_0722.JPG,Virus,Potato,test
Bacteria/20230816_140813.jpg,Bacteria,Potato,test
Pest/IMG_20230816_135217.jpg,Pest,Potato,test
Virus/IMG_0996.JPG,Virus,Potato,test
Pest/IMG_20230816_135708~2.jpg,Pest,Potato,test
Fungi/20230712_123147.jpg,Fungi,Potato,test
Virus/20230815_120345.jpg,Virus,Potato,test
Virus/20230816_122543.jpg,Virus,Potato,test
Fungi/IMG_0203.JPG,Fungi,Potato,test
Fungi/IMG_20230816_121103.jpg,Fungi,Potato,test
Pest/IMG_20230816_142948.jpg,Pest,Potato,test
Virus/IMG_0462.JPG,Virus,Potato,test
Bacteria/20230816_141038.jpg,Bacteria,Potato,test
Virus/20230712_133356.jpg,Virus,Potato,test
Fungi/IMG_20230816_121600.jpg,Fungi,Potato,test
Virus/20230816_113018.jpg,Virus,Potato,test
Phytopthora/IMG_4763.JPG,Phytopthora,Potato,test
Fungi/IMG_0134.JPG,Fungi,Potato,test
Phytopthora/IMG_0377.JPG,Phytopthora,Potato,test
Virus/IMG_0340.JPG,Virus,Potato,test
Fungi/IMG_0263 - Copy.JPG,Fungi,Potato,test
Phytopthora/20230816_083249.jpg,Phytopthora,Potato,test
Fungi/20230802_111824.jpg,Fungi,Potato,test
Phytopthora/IMG_9531.JPG,Phytopthora,Potato,test
Pest/20230712_145440.jpg,Pest,Potato,test
Bacteria/IMG_0917.JPG,Bacteria,Potato,test
Fungi/1692338650322.jpg,Fungi,Potato,test
Bacteria/20230816_134245.jpg,Bacteria,Potato,test
Virus/IMG_0821.JPG,Virus,Potato,test
Virus/20230815_115800.jpg,Virus,Potato,test
Virus/IMG_20230815_152740.jpg,Virus,Potato,test
Bacteria/IMG_1193.JPG,Bacteria,Potato,test
Pest/20230712_124651.jpg,Pest,Potato,test
Bacteria/IMG_0906.JPG,Bacteria,Potato,test
Pest/20230802_120525928.jpg,Pest,Potato,test
Pest/IMG_8177.JPG,Pest,Potato,test
Pest/1692339473834.jpg,Pest,Potato,test
Healthy/20230712_130852.jpg,Healthy,Potato,test
Pest/20230712_122233.jpg,Pest,Potato,test
Phytopthora/IMG_0403.JPG,Phytopthora,Potato,test
Fungi/20230802_105327.jpg,Fungi,Potato,test
Pest/20230922_163445.jpg,Pest,Potato,test
Pest/20230712_132929.jpg,Pest,Potato,test
Bacteria/20230815_114039.jpg,Bacteria,Potato,test
Fungi/IMG_4729.JPG,Fungi,Potato,test
Bacteria/IMG_1162.JPG,Bacteria,Potato,test
Virus/20230815_151137.jpg,Virus,Potato,test
Pest/IMG_20230815_122949~2.jpg,Pest,Potato,test
Bacteria/20230815_114705.jpg,Bacteria,Potato,test
Virus/20230815_153220.jpg,Virus,Potato,test
Phytopthora/20230802_123953.jpg,Phytopthora,Potato,test
Healthy/20230922_154132.jpg,Healthy,Potato,test
Phytopthora/IMG_0329 - Copy.JPG,Phytopthora,Potato,test
Bacteria/1692333631989.jpg,Bacteria,Potato,test
Bacteria/20230816_142742.jpg,Bacteria,Potato,test
Phytopthora/IMG_0365.JPG,Phytopthora,Potato,test
Pest/20230712_150155.jpg,Pest,Potato,test
Pest/20230802_115949654.jpg,Pest,Potato,test
Virus/20230815_145058.jpg,Virus,Potato,test
Bacteria/IMG_1220.JPG,Bacteria,Potato,test
Phytopthora/IMG_9566 (1).JPG,Phytopthora,Potato,test
Fungi/1692334247801.jpg,Fungi,Potato,test
Fungi/20230802_104926298.jpg,Fungi,Potato,test
Virus/20230802_125836.jpg,Virus,Potato,test
Bacteria/IMG_20230816_140753.jpg,Bacteria,Potato,test
Fungi/IMG_20230815_112858~2.jpg,Fungi,Potato,test
Fungi/IMG_0751.JPG,Fungi,Potato,test
Virus/20230815_144912.jpg,Virus,Potato,test
Fungi/20230712_155710.jpg,Fungi,Potato,test
Pest/1692336758584.jpg,Pest,Potato,test
Fungi/IMG_0283.JPG,Fungi,Potato,test
Fungi/20230712_123544.jpg,Fungi,Potato,test
Bacteria/IMG_1177.JPG,Bacteria,Potato,test
Fungi/1692336758470.jpg,Fungi,Potato,test
Bacteria/20230816_141459.jpg,Bacteria,Potato,test
Phytopthora/20230802_125012171.jpg,Phytopthora,Potato,test
Virus/20230815_120547.jpg,Virus,Potato,test
Pest/IMG_20230816_122835.jpg,Pest,Potato,test
Phytopthora/20230802_124958342.jpg,Phytopthora,Potato,test
Pest/IMG_20230816_141504.jpg,Pest,Potato,test
Fungi/20230802_112209100.jpg,Fungi,Potato,test
Nematode/IMG_20230816_083730 (1).jpg,Nematode,Potato,test
Pest/IMG_0335.JPG,Pest,Potato,test
Virus/20230815_121818.jpg,Virus,Potato,test
Bacteria/IMG_1190.JPG,Bacteria,Potato,test
Pest/1692333632291.jpg,Pest,Potato,test
Virus/IMG_0995.JPG,Virus,Potato,test
Phytopthora/20230712_160344.jpg,Phytopthora,Potato,test
Fungi/20230802_112308063.jpg,Fungi,Potato,test
Pest/IMG_9412.JPG,Pest,Potato,test
Fungi/IMG_9454.JPG,Fungi,Potato,test
Pest/IMG_20230816_140130.jpg,Pest,Potato,test
Pest/IMG_0323.JPG,Pest,Potato,test
Pest/20230802_120254590.jpg,Pest,Potato,test
Bacteria/IMG_1012.JPG,Bacteria,Potato,test
Fungi/IMG_0852.JPG,Fungi,Potato,test
Healthy/IMG_0720.JPG,Healthy,Potato,test
Virus/IMG_20230815_153724.jpg,Virus,Potato,test
Virus/1692336758670.jpg,Virus,Potato,test
Virus/IMG_0991.JPG,Virus,Potato,test
Fungi/IMG_4787.JPG,Fungi,Potato,test
Healthy/20230816_121133.jpg,Healthy,Potato,test
Phytopthora/IMG_0379.JPG,Phytopthora,Potato,test
Bacteria/20230816_140618.jpg,Bacteria,Potato,test
Phytopthora/IMG_0248.JPG,Phytopthora,Potato,test
Bacteria/IMG_0352.JPG,Bacteria,Potato,test
Bacteria/20230816_142611.jpg,Bacteria,Potato,test
Phytopthora/IMG_9425 (1).JPG,Phytopthora,Potato,test
Fungi/IMG_9437.JPG,Fungi,Potato,test
Fungi/IMG_0749.JPG,Fungi,Potato,test
Pest/20230712_122101.jpg,Pest,Potato,test
Fungi/IMG_9423.JPG,Fungi,Potato,test
Fungi/1692338650403.jpg,Fungi,Potato,test
Pest/20230802_120503364.jpg,Pest,Potato,test
Fungi/20230802_111513957.jpg,Fungi,Potato,test
Fungi/20230802_111659166.jpg,Fungi,Potato,test
Fungi/1692335404057.jpg,Fungi,Potato,test
Fungi/20230802_105824.jpg,Fungi,Potato,test
Bacteria/20230815_113845.jpg,Bacteria,Potato,test
Pest/20230712_114434.jpg,Pest,Potato,test
Fungi/20230802_110928786.jpg,Fungi,Potato,test
Virus/20230815_152839.jpg,Virus,Potato,test
Phytopthora/IMG_0288 - Copy.JPG,Phytopthora,Potato,test
Healthy/20230712_132347.jpg,Healthy,Potato,test
Bacteria/IMG_0941.JPG,Bacteria,Potato,test
Virus/IMG_4808.JPG,Virus,Potato,test
Pest/IMG_4735.JPG,Pest,Potato,test
Pest/IMG_20230816_134335.jpg,Pest,Potato,test
Fungi/20230802_111326036.jpg,Fungi,Potato,test
Phytopthora/IMG_9508 (1).JPG,Phytopthora,Potato,test
Fungi/20230802_105912793.jpg,Fungi,Potato,test
Bacteria/20230816_141504.jpg,Bacteria,Potato,test
Fungi/IMG_0146.JPG,Fungi,Potato,test
Phytopthora/IMG_9426.JPG,Phytopthora,Potato,test
Pest/IMG_0189.JPG,Pest,Potato,test
Virus/20230815_113714.jpg,Virus,Potato,test
Pest/IMG_20230816_141201.jpg,Pest,Potato,test
Fungi/1692335403802.jpg,Fungi,Potato,test
Pest/20230802_115747.jpg,Pest,Potato,test
Virus/IMG_0623.JPG,Virus,Potato,test
Virus/IMG_0844.JPG,Virus,Potato,test
Healthy/20230712_130724.jpg,Healthy,Potato,test
Bacteria/IMG_0374.JPG,Bacteria,Potato,test
Pest/IMG_0214.JPG,Pest,Potato,test
Pest/20230712_160312.jpg,Pest,Potato,test
Bacteria/20230816_140809.jpg,Bacteria,Potato,test
Bacteria/20230815_113943.jpg,Bacteria,Potato,test
Phytopthora/IMG_9443 (1).JPG,Phytopthora,Potato,test
Virus/20230712_133347.jpg,Virus,Potato,test
Bacteria/IMG_1007.JPG,Bacteria,Potato,test
Fungi/IMG_20230815_152008~2.jpg,Fungi,Potato,test
Pest/IMG_20230816_134440.jpg,Pest,Potato,test
Fungi/IMG_20230816_121138.jpg,Fungi,Potato,test
Bacteria/20230816_140641.jpg,Bacteria,Potato,test
Healthy/20230816_121144.jpg,Healthy,Potato,test
Fungi/IMG_0728.JPG,Fungi,Potato,test
Phytopthora/20230802_123436584.jpg,Phytopthora,Potato,test
Healthy/20230712_123902.jpg,Healthy,Potato,test
Bacteria/IMG_1135.JPG,Bacteria,Potato,test
Fungi/20230712_120442.jpg,Fungi,Potato,test
Pest/IMG_8327.JPG,Pest,Potato,test
Phytopthora/IMG_9525.JPG,Phytopthora,Potato,test
Healthy/20230816_121244.jpg,Healthy,Potato,test
Bacteria/20230815_113819.jpg,Bacteria,Potato,test
Pest/IMG_20230816_141633.jpg,Pest,Potato,test
Virus/IMG_0471.JPG,Virus,Potato,test
Pest/20230802_112826.jpg,Pest,Potato,test
Pest/IMG_20230816_140040~2.jpg,Pest,Potato,test
Bacteria/IMG_0951.JPG,Bacteria,Potato,test
Pest/1692336759137.jpg,Pest,Potato,test
Bacteria/IMG_1132.JPG,Bacteria,Potato,test
Virus/20230802_115927.jpg,Virus,Potato,test
Pest/20230922_163500.jpg,Pest,Potato,test
Virus/IMG_0470.JPG,Virus,Potato,test
Bacteria/IMG_1099.JPG,Bacteria,Potato,test
Fungi/IMG_0277 (1).JPG,Fungi,Potato,test
Pest/20230712_124530.jpg,Pest,Potato,test
Bacteria/20230816_135627.jpg,Bacteria,Potato,test
Phytopthora/IMG_0353.JPG,Phytopthora,Potato,test
Fungi/IMG_0741.JPG,Fungi,Potato,test
Virus/20230815_145643.jpg,Virus,Potato,test
Fungi/1692336759109.jpg,Fungi,Potato,test
